Anchor_ID,Similarity_of_a,Similarity_of_b,Closer,True_Closer,Correctness_Score
0,0.5389008124669393,0.765795111656189,b,b,0.22689429918924964
1,0.5139656464258829,0.6895476579666138,b,b,0.17558201154073083
2,0.5669727325439453,0.7809997002283732,b,b,0.21402696768442786
3,0.7392228841781616,0.643900473912557,a,a,0.09532241026560462
4,0.7518202066421509,0.6031286319096884,a,a,0.14869157473246253
5,0.5527956287066141,0.7565123637517294,b,b,0.20371673504511523
6,0.5705335934956869,0.7662749290466309,b,b,0.19574133555094397
7,0.7033483584721884,0.4848141173521678,a,a,0.21853424112002057
8,0.7320347627003988,0.6122841437657675,a,a,0.11975061893463135
9,0.6822499831517538,0.606887141863505,a,a,0.07536284128824877
10,0.8183697462081909,0.6747217178344727,a,a,0.14364802837371826
11,0.5375562508900961,0.7306518952051798,b,b,0.19309564431508375
12,0.7568411429723104,0.6760135889053345,a,a,0.08082755406697595
13,0.6830167373021444,0.5771844387054443,a,a,0.10583229859670007
14,0.8267654180526733,0.6387268304824829,a,a,0.18803858757019043
15,0.5159436464309692,0.7554659048716227,b,b,0.23952225844065345
16,0.6944731076558431,0.840560515721639,b,b,0.1460874080657959
17,0.6290013392766317,0.6732592185338339,b,b,0.04425787925720215
18,0.7107677459716797,0.48180346687634784,a,a,0.22896427909533185
19,0.6608221928278605,0.7461571296056112,b,b,0.08533493677775073
20,0.42463767528533936,0.8397239446640015,b,b,0.4150862693786621
21,0.6444025834401449,0.5475713809331259,a,a,0.09683120250701904
22,0.6520393490791321,0.7989058494567871,b,b,0.14686650037765503
23,0.6421612103780111,0.8356551726659139,b,b,0.19349396228790283
24,0.5859951575597128,0.8531044721603394,b,b,0.2671093146006266
25,0.6270527839660645,0.8064626455307007,b,b,0.17940986156463623
26,0.6863489548365275,0.48431411385536194,a,a,0.20203484098116553
27,0.6273074944814047,0.8291641076405843,b,b,0.2018566131591797
28,0.7691067059834799,0.5960283080736796,a,a,0.17307839790980029
29,0.6187635064125061,0.4741229712963104,a,a,0.14464053511619568
30,0.7219260533650717,0.8563066323598226,b,b,0.13438057899475098
31,0.4900880753993988,0.7649943828582764,b,b,0.27490630745887756
32,0.7723810275395712,0.580557624499003,a,a,0.1918234030405681
33,0.7352871497472128,0.5285516182581583,a,a,0.20673553148905444
34,0.5260101159413656,0.6513084967931112,b,b,0.1252983808517456
35,0.6355168422063192,0.7239919503529867,b,b,0.08847510814666748
36,0.7080646753311157,0.5752505461374918,a,a,0.1328141291936239
37,0.6788825988769531,0.7259277105331421,b,b,0.047045111656188965
38,0.5705787936846415,0.6926207145055135,b,b,0.12204192082087206
39,0.7715477148691813,0.5898254911104838,a,a,0.1817222237586975
40,0.5559133291244507,0.6911292473475138,b,b,0.13521591822306311
41,0.7550164063771566,0.5996600786844889,a,a,0.15535632769266772
42,0.5717699925104777,0.6656808853149414,b,b,0.09391089280446374
43,0.6922105550765991,0.5103408098220825,a,a,0.1818697452545166
44,0.6122084856033325,0.8374236424763998,b,b,0.22521515687306726
45,0.7956570386886597,0.6381275256474813,a,a,0.15752951304117835
46,0.6574302315711975,0.8378681341807047,b,b,0.1804379026095072
47,0.6044499278068542,0.6878846486409506,b,b,0.08343472083409631
48,0.7556025187174479,0.5301676591237386,a,a,0.22543485959370924
49,0.6070555051167806,0.7627877791722616,b,b,0.15573227405548096
50,0.624236265818278,0.7224522431691488,b,b,0.09821597735087084
51,0.7853620847066244,0.5707844893137614,a,a,0.21457759539286303
52,0.5692940950393677,0.702387809753418,b,b,0.1330937147140503
53,0.7842300335566202,0.8568299214045206,b,b,0.07259988784790039
54,0.8334723711013794,0.6191158493359884,a,a,0.214356521765391
55,0.6660131613413492,0.9362629652023315,b,b,0.2702498038609823
56,0.5689062476158142,0.732569416364034,b,b,0.16366316874821984
57,0.7433808644612631,0.6536839803059896,a,a,0.08969688415527344
58,0.7871439059575399,0.5657633145650228,a,a,0.2213805913925171
59,0.8048443794250488,0.6717029015223185,a,a,0.13314147790273034
60,0.6911239226659139,0.7335637807846069,b,b,0.042439858118693
61,0.8358105818430582,0.608667274316152,a,a,0.22714330752690626
62,0.7586408058802286,0.5852014025052389,a,a,0.17343940337498975
63,0.47040069103240967,0.7243562936782837,b,b,0.253955602645874
64,0.7199538151423136,0.5946292877197266,a,a,0.12532452742258704
65,0.5701884428660074,0.6148632168769836,b,b,0.04467477401097619
66,0.6864194472630819,0.5075594981511434,a,a,0.17885994911193848
67,0.6992672681808472,0.6988272666931152,a,b,0.0004400014877319336
68,0.8453725576400757,0.5140872796376547,a,a,0.331285278002421
69,0.6000502705574036,0.8436375459035238,b,b,0.24358727534612024
70,0.605634888013204,0.7969305912653605,b,b,0.1912957032521565
71,0.5748789310455322,0.5012651483217875,a,a,0.07361378272374475
72,0.8895236651102701,0.814893364906311,a,a,0.07463030020395911
73,0.7912102937698364,0.6707966725031534,a,a,0.12041362126668298
74,0.7026761770248413,0.5527211825052897,a,a,0.14995499451955163
75,0.7694805065790812,0.6503649552663168,a,a,0.11911555131276441
76,0.6001919110616049,0.7279815276463827,b,b,0.12778961658477783
77,0.5701234141985575,0.7965887387593588,b,b,0.22646532456080126
78,0.514204740524292,0.8302809000015259,b,b,0.3160761594772339
79,0.7508545319239298,0.5298888285954794,a,a,0.22096570332845045
80,0.6574641863505045,0.7059928973515829,b,b,0.04852871100107836
81,0.6550530592600504,0.4481116831302643,a,a,0.20694137612978614
82,0.6507014830907186,0.6918781201044718,b,b,0.04117663701375318
83,0.600187877813975,0.6880934635798136,b,b,0.08790558576583862
84,0.8043551842371622,0.5743891596794128,a,a,0.2299660245577494
85,0.5640794436136881,0.8084777593612671,b,b,0.24439831574757898
86,0.7311718861262003,0.5961368083953857,a,a,0.13503507773081458
87,0.8637244701385498,0.5847629507382711,a,a,0.2789615194002787
88,0.8132737874984741,0.7203422784805298,a,a,0.09293150901794434
89,0.8367547194163004,0.5601267417271932,a,a,0.2766279776891072
90,0.6652509768803915,0.588459293047587,a,a,0.07679168383280444
91,0.6849092245101929,0.7155654827753702,b,a,0.030656258265177372
92,0.6514514287312826,0.5405129194259644,a,a,0.11093850930531823
93,0.7749112844467163,0.5090020497639974,a,a,0.2659092346827189
94,0.7356542348861694,0.5187327265739441,a,a,0.21692150831222534
95,0.5313828786214193,0.6557150483131409,b,b,0.12433216969172156
96,0.6751023530960083,0.8936375379562378,b,b,0.2185351848602295
97,0.755396564801534,0.5049872001012167,a,a,0.2504093647003174
98,0.6384557882944742,0.6714908281962076,b,b,0.0330350399017334
99,0.7468993663787842,0.5926234523455302,a,a,0.15427591403325402
100,0.5140107870101929,0.7220298846562704,b,b,0.2080190976460775
101,0.6239376465479533,0.8897852102915446,b,b,0.2658475637435913
102,0.778965433438619,0.6047315200169882,a,a,0.17423391342163086
103,0.8080042203267416,0.5889924367268881,a,a,0.21901178359985352
104,0.5558148821194967,0.7226583957672119,b,b,0.1668435136477152
105,0.6398205359776815,0.5935946702957153,a,a,0.04622586568196618
106,0.5566852490107218,0.7835622231165568,b,b,0.22687697410583496
107,0.5764463345209757,0.8349153995513916,b,b,0.2584690650304159
108,0.7992693980534872,0.630453089872996,a,a,0.1688163081804912
109,0.5829521417617798,0.8430070082346598,b,b,0.26005486647288
110,0.6833995580673218,0.5325199166933695,a,a,0.15087964137395227
111,0.761543869972229,0.6302294929822286,a,a,0.13131437699000037
112,0.7217535972595215,0.5626916885375977,a,a,0.15906190872192383
113,0.5846826831499735,0.6475766102472941,b,b,0.06289392709732056
114,0.5232861638069153,0.812502940495809,b,b,0.2892167766888937
115,0.669936736424764,0.7774043480555216,b,b,0.10746761163075758
116,0.8316892385482788,0.6042586962381998,a,a,0.22743054231007898
117,0.6808681885401408,0.756523609161377,b,b,0.0756554206212362
118,0.7394710381825765,0.6315879027048746,a,a,0.1078831354777019
119,0.7544167041778564,0.6055229902267456,a,a,0.14889371395111084
120,0.7221086422602335,0.898887832959493,b,b,0.17677919069925951
121,0.8579677740732828,0.5902338027954102,a,a,0.2677339712778727
122,0.6746927499771118,0.513427754243215,a,a,0.16126499573389685
123,0.5232385396957397,0.7866280476252238,b,b,0.263389507929484
124,0.7344549496968588,0.8623706499735514,b,b,0.12791570027669263
125,0.8104033470153809,0.6413484414418539,a,a,0.16905490557352698
126,0.6979032357533773,0.8088122606277466,b,b,0.11090902487436927
127,0.8503365914026896,0.6256815989812216,a,a,0.22465499242146802
128,0.616391678651174,0.4834453761577606,a,a,0.13294630249341333
129,0.4813636839389801,0.6296018163363138,b,b,0.14823813239733374
130,0.596686323483785,0.4852219820022583,a,a,0.11146434148152673
131,0.611175000667572,0.5403449138005575,a,a,0.07083008686701453
132,0.47034867604573566,0.5774463613828024,b,b,0.1070976853370667
133,0.7657089233398438,0.5667710304260254,a,a,0.19893789291381836
134,0.647314170996348,0.7708659172058105,b,b,0.12355174620946252
135,0.8009924093882242,0.6043685873349508,a,a,0.19662382205327344
136,0.7158987919489542,0.5559523304303488,a,a,0.15994646151860548
137,0.6012374957402548,0.6427850723266602,b,b,0.0415475765864054
138,0.7959522406260172,0.5715875426928202,a,a,0.22436469793319702
139,0.7973844607671102,0.6816415786743164,a,a,0.11574288209279382
140,0.7869447867075602,0.5902751485506693,a,a,0.19666963815689087
141,0.6382689277331034,0.7923280398050944,b,b,0.15405911207199097
142,0.6238696972529093,0.5120012362798055,a,a,0.11186846097310377
143,0.4161047637462616,0.6401759584744772,b,b,0.22407119472821557
144,0.4881810148557027,0.6878874699274699,b,b,0.19970645507176715
145,0.7066271305084229,0.5748848915100098,a,a,0.13174223899841309
146,0.7675585746765137,0.5616428057352701,a,a,0.20591576894124353
147,0.6356302301088969,0.8085630734761556,b,b,0.17293284336725878
148,0.6788236300150553,0.5958659052848816,a,a,0.08295772473017371
149,0.7516051133473715,0.6212433775266012,a,a,0.13036173582077026
150,0.5887781182924906,0.8017682234446207,b,b,0.21299010515213013
151,0.6147422989209493,0.7720416386922201,b,b,0.15729933977127075
152,0.8072816928227743,0.6537455320358276,a,a,0.15353616078694665
153,0.7972407341003418,0.7174270153045654,a,a,0.07981371879577637
154,0.6545170148213705,0.7084697882334391,b,b,0.05395277341206861
155,0.755689263343811,0.5582464536031088,a,a,0.19744280974070227
156,0.6794466574986776,0.8824573755264282,b,b,0.20301071802775061
157,0.5891103347142538,0.6545946995417277,b,b,0.06548436482747388
158,0.7997774680455526,0.6277082761128744,a,a,0.17206919193267822
159,0.6227700114250183,0.8206623792648315,b,b,0.19789236783981323
160,0.7916571696599325,0.4886209964752197,a,a,0.30303617318471276
161,0.7102219263712565,0.7188937664031982,b,b,0.008671840031941769
162,0.7221659024556478,0.8855834801991781,b,b,0.16341757774353027
163,0.631694515546163,0.5747874776522318,a,b,0.056907037893931145
164,0.5228267113367716,0.7427914539972941,b,b,0.21996474266052246
165,0.5642399787902832,0.8018181324005127,b,b,0.2375781536102295
166,0.5381306409835815,0.5864623785018921,b,b,0.04833173751831055
167,0.7101791302363077,0.6490930318832397,a,a,0.061086098353068
168,0.6742299397786459,0.6991389592488607,b,b,0.024909019470214844
169,0.6988353729248047,0.6076831420262655,a,a,0.09115223089853919
170,0.5050800840059916,0.658296525478363,b,b,0.15321644147237146
171,0.7378823757171631,0.6532326141993204,a,a,0.08464976151784265
172,0.7544325987497965,0.9196990331013998,b,b,0.16526643435160326
173,0.6714039246241251,0.7679295937220255,b,b,0.09652566909790039
174,0.5805312593777975,0.7215119997660319,b,b,0.14098074038823438
175,0.566679318745931,0.5657881498336792,a,b,0.0008911689122518274
176,0.5550902485847473,0.7087159156799316,b,b,0.15362566709518433
177,0.5381145477294922,0.6387360692024231,b,b,0.10062152147293091
178,0.7132429281870524,0.5434401830037435,a,a,0.16980274518330885
179,0.6911273797353109,0.5567801396052042,a,a,0.13434724013010668
180,0.5802489717801412,0.7668821811676025,b,b,0.1866332093874613
181,0.766152540842692,0.5677883426348368,a,a,0.19836419820785522
182,0.6423813104629517,0.48629866043726605,a,a,0.1560826500256856
183,0.5652499596277872,0.6921611229578654,b,b,0.12691116333007812
184,0.5963571468989054,0.6562633117039999,b,b,0.059906164805094475
185,0.5541121562321981,0.6631826361020406,b,b,0.10907047986984253
186,0.8076001008351644,0.7057418823242188,a,a,0.10185821851094568
187,0.536763330300649,0.7663780450820923,b,b,0.22961471478144324
188,0.5274696350097656,0.8771851857503256,b,b,0.34971555074055993
189,0.5529800454775492,0.7642482121785482,b,b,0.21126816670099902
190,0.626465916633606,0.7197004954020182,b,b,0.09323457876841224
191,0.5915943384170532,0.6764995654424032,b,b,0.08490522702534997
192,0.6531751950581869,0.7660291194915771,b,b,0.11285392443339026
193,0.5815165241559347,0.6892820199330648,b,b,0.10776549577713013
194,0.7842326958974203,0.5726841688156128,a,a,0.2115485270818075
195,0.5990345676740011,0.8097822666168213,b,b,0.2107476989428202
196,0.6408899227778116,0.8210803667704264,b,b,0.18019044399261475
197,0.7345992724100748,0.5562469760576884,a,a,0.17835229635238647
198,0.7897014220555624,0.6487382253011068,a,a,0.14096319675445557
199,0.7643090486526489,0.5993611017862955,a,a,0.1649479468663534
200,0.8619496822357178,0.6312319238980612,a,a,0.23071775833765662
201,0.625881552696228,0.4491596619288127,a,a,0.17672189076741535
202,0.5601103703180949,0.6135729749997457,b,b,0.05346260468165087
203,0.4949032763640086,0.6860344409942627,b,b,0.1911311646302541
204,0.617439349492391,0.8118666013081869,b,b,0.1944272518157959
205,0.6537301540374756,0.8873603741327921,b,b,0.23363022009531653
206,0.6251821915308634,0.525755763053894,a,a,0.09942642847696936
207,0.534633994102478,0.7100364367167155,b,b,0.17540244261423743
208,0.580466628074646,0.5608687003453573,a,a,0.0195979277292887
209,0.611534595489502,0.6868681907653809,b,b,0.0753335952758789
210,0.5065398017565409,0.6313428481419882,b,b,0.12480304638544726
211,0.7776170571645101,0.6404947638511658,a,a,0.13712229331334436
212,0.5347338120142618,0.8284304141998291,b,b,0.29369660218556726
213,0.6023216644922892,0.766656239827474,b,b,0.1643345753351848
214,0.5234706997871399,0.7731902599334717,b,b,0.2497195601463318
215,0.6109388669331869,0.7282840013504028,b,b,0.11734513441721595
216,0.8688511848449707,0.6237077713012695,a,a,0.24514341354370117
217,0.5093075831731161,0.5674754778544108,b,a,0.058167894681294685
218,0.5754086772600809,0.5725598335266113,a,a,0.002848843733469608
219,0.7076290448506674,0.7568728923797607,b,b,0.04924384752909339
220,0.7473123868306478,0.5482616424560547,a,a,0.19905074437459314
221,0.6517494916915894,0.7502608299255371,b,b,0.09851133823394775
222,0.8013829390207926,0.7422861655553182,a,b,0.05909677346547437
223,0.8049788872400919,0.9234337011973063,b,b,0.11845481395721436
224,0.8074181874593099,0.6098464528719584,a,a,0.19757173458735156
225,0.5902628898620605,0.7220339377721151,b,b,0.13177104791005456
226,0.6961988608042399,0.6175005833307902,a,a,0.07869827747344971
227,0.5584275722503662,0.7139705022176107,b,b,0.1555429299672445
228,0.7488747835159302,0.6397226452827454,a,a,0.10915213823318481
229,0.6529425382614136,0.5259074767430624,a,a,0.1270350615183512
230,0.48443196217219037,0.6622631947199503,b,b,0.17783123254775995
231,0.5759759346644083,0.7653280099232992,b,b,0.18935207525889086
232,0.5788650314013163,0.7136461734771729,b,b,0.13478114207585656
233,0.5764722029368082,0.6744405031204224,b,b,0.09796830018361413
234,0.4846505920092265,0.5722165505091349,b,b,0.08756595849990839
235,0.6921711365381876,0.7928791046142578,b,b,0.10070796807607019
236,0.8474850654602051,0.6075826088587443,a,a,0.2399024566014608
237,0.5957358479499817,0.9060258467992147,b,b,0.31028999884923303
238,0.5005669991175333,0.6824932893117269,b,b,0.1819262901941936
239,0.7587270339330038,0.5940344134966532,a,a,0.16469262043635058
240,0.7087602217992147,0.5986446142196655,a,a,0.11011560757954919
241,0.6682313283284506,0.5395850737889608,a,a,0.12864625453948975
242,0.7729384104410807,0.5291832685470581,a,a,0.2437551418940226
243,0.5372298161188761,0.8090767860412598,b,b,0.27184696992238366
244,0.5927027861277262,0.8289313713709513,b,b,0.2362285852432251
245,0.5528488357861837,0.6916598876317342,b,b,0.13881105184555054
246,0.6495492657025655,0.7136683464050293,b,b,0.06411908070246375
247,0.5528319676717123,0.6953515211741129,b,b,0.14251955350240064
248,0.8402787844340006,0.562554399172465,a,a,0.27772438526153564
249,0.8160959084828695,0.6513676246007284,a,a,0.1647282838821411
250,0.8154360850652059,0.6610449552536011,a,a,0.15439112981160485
251,0.4677692453066508,0.5927591323852539,b,b,0.12498988707860309
252,0.7065205176671346,0.44509915510813397,a,a,0.26142136255900067
253,0.7358759244283041,0.49539990226427716,a,a,0.24047602216402691
254,0.5853827198346456,0.6844076712926229,b,b,0.0990249514579773
255,0.6330080628395081,0.6838728586832682,b,b,0.050864795843760136
256,0.6562718550364176,0.5065809885660807,a,a,0.14969086647033691
257,0.6309964259465536,0.5730395317077637,a,a,0.05795689423878991
258,0.8040110270182291,0.683296004931132,a,a,0.12071502208709717
259,0.6950124899546305,0.8724782466888428,b,b,0.17746575673421228
260,0.7622694969177246,0.7174661159515381,a,b,0.04480338096618652
261,0.5852149327596029,0.6258901755015055,b,b,0.040675242741902595
262,0.7343021233876547,0.5967408816019694,a,a,0.1375612417856853
263,0.6465075810750326,0.8171067635218302,b,b,0.17059918244679761
264,0.6512707670529684,0.6450791358947754,a,b,0.0061916311581929895
265,0.6423831780751547,0.7513024012247721,b,b,0.10891922314961744
266,0.7836041450500488,0.6079390048980713,a,a,0.17566514015197754
267,0.6916625102361044,0.5955546299616495,a,a,0.09610788027445483
268,0.8148900270462036,0.5225095947583517,a,a,0.29238043228785193
269,0.5749192237854004,0.7028566201527914,b,b,0.127937396367391
270,0.7131646474202474,0.6025087634722391,a,a,0.1106558839480083
271,0.6584024826685587,0.7635382413864136,b,b,0.10513575871785485
272,0.7494646310806274,0.5943807363510132,a,a,0.15508389472961426
273,0.7013214429219564,0.46714794635772705,a,a,0.23417349656422937
274,0.5048208236694336,0.8024343649546305,b,b,0.2976135412851969
275,0.6556804577509562,0.6027068495750427,a,a,0.052973608175913456
276,0.6177214781443278,0.7272842725118002,b,b,0.1095627943674724
277,0.5383370717366537,0.7044363419214884,b,b,0.16609927018483472
278,0.7118273178736368,0.8383100827534994,b,b,0.12648276487986254
279,0.6080454587936401,0.6481417218844095,b,b,0.04009626309076941
280,0.6844777266184489,0.7618043025334676,b,b,0.07732657591501879
281,0.8510504961013794,0.5763153235117594,a,a,0.27473517258962
282,0.6237728993097941,0.7048166592915853,b,b,0.08104375998179125
283,0.7641055186589559,0.6539856394131979,a,a,0.11011987924575806
284,0.7370880444844564,0.5052948594093323,a,a,0.23179318507512414
285,0.7701749006907145,0.6375665664672852,a,a,0.13260833422342932
286,0.6702330112457275,0.5013685623804728,a,a,0.16886444886525476
287,0.8062358299891154,0.6098544200261434,a,a,0.19638140996297193
288,0.6882375478744507,0.9008102416992188,b,b,0.21257269382476807
289,0.5662434101104736,0.7266140778859457,b,b,0.16037066777547204
290,0.7032953500747681,0.6399528582890829,a,a,0.06334249178568518
291,0.7683649063110352,0.6579917669296265,a,a,0.11037313938140869
292,0.7747236092885336,0.9280931949615479,b,b,0.15336958567301429
293,0.9000652631123861,0.5941615502039591,a,a,0.305903712908427
294,0.6838134129842123,0.8132794698079427,b,b,0.12946605682373047
295,0.7120190461476644,0.7521503766377767,b,a,0.040131330490112305
296,0.5157370964686075,0.5945011178652445,b,b,0.07876402139663696
297,0.7105600039164225,0.6469319462776184,a,a,0.06362805763880408
298,0.8607086340586344,0.6626512805620829,a,a,0.1980573534965515
299,0.662382165590922,0.5393321514129639,a,a,0.12305001417795813
300,0.5351614554723104,0.7430107593536377,b,b,0.20784930388132727
301,0.7087037563323975,0.6288979252179464,a,a,0.07980583111445105
302,0.9388549327850342,0.6731078624725342,a,a,0.2657470703125
303,0.7793376843134562,0.5746729373931885,a,a,0.2046647469202677
304,0.6332465807596842,0.5444672703742981,a,b,0.08877931038538611
305,0.609387993812561,0.8355617920557658,b,b,0.22617379824320472
306,0.6299091974894205,0.791120688120524,b,b,0.16121149063110352
307,0.5502305825551351,0.729711095492045,b,b,0.17948051293690992
308,0.6725792090098063,0.5376840829849243,a,a,0.13489512602488196
309,0.5715387860933939,0.48001466194788617,a,a,0.09152412414550776
310,0.8625462055206299,0.6272463997205099,a,a,0.23529980580012
311,0.7794820070266724,0.6165242195129395,a,a,0.1629577875137329
312,0.6443974574406942,0.8393309911092123,b,b,0.19493353366851807
313,0.5052535136540731,0.6869470278422037,b,b,0.18169351418813062
314,0.6892538468043009,0.741451621055603,b,b,0.05219777425130212
315,0.8569429318110148,0.6618859767913818,a,a,0.19505695501963294
316,0.8225248654683431,0.5309855143229166,a,a,0.2915393511454265
317,0.6769576867421468,0.6924193302790324,b,b,0.015461643536885505
318,0.8692278861999512,0.6371477643648783,a,a,0.23208012183507287
319,0.4709632992744446,0.7254029909769694,b,b,0.2544396917025248
320,0.64535520474116,0.7496954997380575,b,b,0.10434029499689745
321,0.7215278148651123,0.7802777290344238,b,b,0.05874991416931152
322,0.688018282254537,0.7807075579961141,b,b,0.09268927574157715
323,0.5441826979319254,0.8041969935099283,b,b,0.26001429557800293
324,0.49843018253644306,0.6061094800631205,b,b,0.10767929752667743
325,0.45037869612375897,0.6193018356959025,b,b,0.1689231395721435
326,0.6492185195287069,0.5639487306276957,a,a,0.08526978890101122
327,0.7357796430587769,0.6021164059638977,a,a,0.13366323709487915
328,0.6357905467351278,0.8362663586934408,b,b,0.200475811958313
329,0.7649643023808798,0.8119062980016073,b,b,0.04694199562072754
330,0.7223635117212931,0.6631909012794495,a,a,0.05917261044184363
331,0.8436494668324789,0.6464824080467224,a,a,0.19716705878575647
332,0.7246018250783285,0.47732211152712506,a,a,0.24727971355120343
333,0.59526526927948,0.7447846730550131,b,b,0.14951940377553308
334,0.5308932264645895,0.7888579368591309,b,b,0.2579647103945414
335,0.7287545998891195,0.8337175051371256,b,b,0.10496290524800611
336,0.6973359982172648,0.6020188927650452,a,a,0.09531710545221961
337,0.5596273342768351,0.76328178246816,b,b,0.20365444819132494
338,0.7303010622660319,0.5407058795293173,a,a,0.1895951827367146
339,0.8744140863418579,0.6006131370862325,a,a,0.27380094925562537
340,0.5889559984207153,0.802690347035726,b,b,0.21373434861501062
341,0.8585139910380045,0.6533283789952596,a,a,0.20518561204274488
342,0.8093967437744141,0.5960365931193033,a,a,0.21336015065511071
343,0.690751870473226,0.7063798904418945,b,a,0.015628019968668583
344,0.7037146886189779,0.6167050997416178,a,a,0.0870095888773601
345,0.6409446398417155,0.7410701115926107,b,b,0.10012547175089526
346,0.6265150308609009,0.7430002291997274,b,b,0.11648519833882653
347,0.7456387678782145,0.6149378617604574,a,a,0.1307009061177571
348,0.46547337373097736,0.6557183464368185,b,b,0.19024497270584112
349,0.5170231262842814,0.7450870672861735,b,b,0.2280639410018921
350,0.8234816392262777,0.48802846670150757,a,a,0.33545317252477014
351,0.6991941928863525,0.8197196324666342,b,b,0.12052543958028161
352,0.7215840021769205,0.8065701325734457,b,b,0.08498613039652514
353,0.5045640269915262,0.7354145050048828,b,b,0.23085047801335656
354,0.5769971609115601,0.7239852348963419,b,b,0.14698807398478186
355,0.743286927541097,0.5029110511144003,a,a,0.24037587642669678
356,0.7561046282450358,0.6267477671305338,a,a,0.12935686111450195
357,0.6227616866429647,0.7982753117879232,b,b,0.1755136251449585
358,0.7595122655232748,0.5019216537475586,a,a,0.2575906117757162
359,0.49507683515548706,0.6478627324104309,b,b,0.15278589725494385
360,0.633876363436381,0.7050997018814087,b,b,0.0712233384450277
361,0.6933265527089437,0.6038299600283304,a,a,0.08949659268061327
362,0.6982028484344482,0.5729071299235026,a,a,0.12529571851094568
363,0.853489875793457,0.6629404425621033,a,a,0.19054943323135376
364,0.5497738718986511,0.7812415758768717,b,b,0.23146770397822058
365,0.7106393178304037,0.7661086718241373,b,b,0.05546935399373365
366,0.5838328202565511,0.7272385358810425,b,b,0.14340571562449134
367,0.49637293815612793,0.6838541030883789,b,b,0.18748116493225098
368,0.5485336581865946,0.7387106021245321,b,b,0.1901769439379375
369,0.6780979633331299,0.8672972122828165,b,b,0.18919924894968665
370,0.6024848620096842,0.6252236366271973,b,b,0.022738774617513058
371,0.4997458557287852,0.7192954619725546,b,b,0.21954960624376935
372,0.5646637678146362,0.6405133605003357,b,b,0.07584959268569946
373,0.6108893553415934,0.8105184237162272,b,b,0.1996290683746338
374,0.6374278863271078,0.6564191182454427,b,a,0.01899123191833496
375,0.5889428456624349,0.5340598225593567,a,a,0.05488302310307824
376,0.6284954945246378,0.6854739189147949,b,b,0.0569784243901571
377,0.7053806781768799,0.777662992477417,b,b,0.07228231430053711
378,0.6871651808420817,0.5490299661954244,a,a,0.13813521464665723
379,0.7485456466674805,0.6183300813039144,a,a,0.13021556536356604
380,0.8248554468154907,0.5497689247131348,a,a,0.27508652210235596
381,0.4901511569817861,0.6892758210500082,b,b,0.1991246640682221
382,0.6049317121505737,0.5338728030522665,a,a,0.07105890909830725
383,0.6677452723185221,0.7658678690592448,b,b,0.09812259674072266
384,0.7931776841481527,0.298830592383941,a,a,0.4943470917642117
385,0.7106974919637045,0.5685634215672811,a,a,0.14213407039642334
386,0.8021426200866699,0.6009068091710409,a,a,0.20123581091562903
387,0.5455776850382487,0.7206121683120728,b,b,0.1750344832738241
388,0.6084766785303751,0.8229665756225586,b,b,0.21448989709218347
389,0.6536303758621216,0.7837048371632894,b,b,0.13007446130116784
390,0.6234412988026937,0.5704197883605957,a,a,0.05302151044209802
391,0.6079463958740234,0.7812916040420532,b,b,0.17334520816802979
392,0.6059181888898214,0.8546101252237955,b,b,0.24869193633397413
393,0.7479604085286459,0.7715561389923096,b,b,0.0235957304636637
394,0.6300822695096334,0.763625979423523,b,b,0.13354370991388953
395,0.5842524369557699,0.7379921674728394,b,b,0.15373973051706946
396,0.7725092172622681,0.6939967473347982,a,a,0.07851246992746985
397,0.6440558433532715,0.8749890327453613,b,b,0.23093318939208984
398,0.6798994541168213,0.7813609838485718,b,b,0.10146152973175049
399,0.778719981511434,0.46586863199869794,a,a,0.312851349512736
400,0.6054551204045614,0.6747786601384481,b,a,0.06932353973388672
401,0.5703039367993673,0.9011526902516683,b,b,0.330848753452301
402,0.5191645622253418,0.7237010796864828,b,b,0.204536517461141
403,0.7743321657180786,0.6716880003611246,a,a,0.10264416535695398
404,0.523021399974823,0.7186221281687418,b,b,0.19560072819391883
405,0.6164770921071371,0.5383047858874003,a,a,0.07817230621973681
406,0.8341069420178732,0.24841780960559845,a,a,0.5856891324122747
407,0.6855640411376953,0.5429685910542806,a,a,0.14259545008341468
408,0.6630813280741373,0.6375138759613037,a,b,0.025567452112833622
409,0.5971664985020956,0.7264452377955118,b,b,0.12927873929341627
410,0.6275680462519327,0.5978489716847738,a,a,0.029719074567158943
411,0.7080833117167155,0.6256700952847799,a,a,0.08241321643193555
412,0.5588844617207845,0.6754026412963867,b,b,0.11651817957560218
413,0.6844088633855184,0.8087631066640218,b,b,0.12435424327850342
414,0.8779081503550211,0.6517061392466227,a,a,0.22620201110839844
415,0.8233964443206787,0.6009275913238525,a,a,0.22246885299682617
416,0.7697140773137411,0.6525884469350179,a,a,0.11712563037872314
417,0.6938032309214274,0.7425421078999838,b,b,0.04873887697855639
418,0.7148284912109375,0.6583383679389954,a,a,0.05649012327194214
419,0.6056471665700277,0.7880585988362631,b,b,0.18241143226623535
420,0.5029062827428182,0.7264244556427002,b,b,0.22351817289988196
421,0.6312480370203654,0.8380172252655029,b,b,0.20676918824513757
422,0.605201005935669,0.7769041458765665,b,b,0.1717031399408976
423,0.7765663464864095,0.46175456047058105,a,a,0.3148117860158285
424,0.6692264874776205,0.7552034457524618,b,b,0.08597695827484131
425,0.7661268711090088,0.6637831528981527,a,a,0.10234371821085608
426,0.5966829458872477,0.7712484200795492,b,b,0.1745654741923015
427,0.5749109586079916,0.5955958763758341,b,a,0.020684917767842537
428,0.6780985196431478,0.48855849107106525,a,a,0.18954002857208258
429,0.7395422061284384,0.5938196976979574,a,a,0.14572250843048096
430,0.46145033836364746,0.6967378854751587,b,b,0.23528754711151123
431,0.5293577909469604,0.5668077270189921,b,b,0.03744993607203162
432,0.5860445896784464,0.6691584587097168,b,b,0.08311386903127038
433,0.45240501562754315,0.7350234190622965,b,b,0.28261840343475336
434,0.6654625733693441,0.5676942865053812,a,a,0.09776828686396288
435,0.7279603481292725,0.6605738401412964,a,a,0.06738650798797607
436,0.789941151936849,0.698455293973287,a,a,0.09148585796356201
437,0.4961441556612651,0.7528572082519531,b,b,0.25671305259068805
438,0.7094666957855225,0.6246937115987142,a,a,0.08477298418680823
439,0.8125761349995931,0.542854110399882,a,a,0.2697220245997112
440,0.5871965686480204,0.42775986591974896,a,a,0.15943670272827143
441,0.5768040418624878,0.7741266886393229,b,b,0.1973226467768351
442,0.6177301009496053,0.8314072291056315,b,b,0.21367712815602613
443,0.6106697718302408,0.7195950349171957,b,b,0.10892526308695483
444,0.6154288848241171,0.7213904062906901,b,b,0.105961521466573
445,0.5924469629923502,0.8086667458216349,b,b,0.21621978282928467
446,0.7861862182617188,0.6478094855944315,a,a,0.13837673266728723
447,0.42382946610450745,0.6447623372077942,b,b,0.22093287110328674
448,0.5577950676282247,0.7683233420054117,b,b,0.21052827437718702
449,0.5109229485193888,0.893628199895223,b,b,0.3827052513758342
450,0.5677725474039713,0.7239594459533691,b,b,0.15618689854939782
451,0.5537704030672709,0.4483940104643504,a,a,0.10537639260292048
452,0.7926040490468343,0.6039273738861084,a,a,0.18867667516072595
453,0.6172840197881063,0.6784749825795492,b,b,0.06119096279144287
454,0.6843840281168619,0.5690471132596334,a,a,0.11533691485722852
455,0.9079625209172567,0.6354057391484579,a,a,0.27255678176879883
456,0.6344208121299744,0.7642083168029785,b,b,0.12978750467300415
457,0.6825390259424845,0.7489356994628906,b,b,0.06639667352040612
458,0.7568200429280599,0.4790273408095042,a,a,0.2777927021185557
459,0.7414515018463135,0.8166951338450114,b,b,0.07524363199869788
460,0.5641687909762064,0.7596653699874878,b,b,0.19549657901128137
461,0.5901060303052267,0.7901961008707682,b,b,0.2000900705655415
462,0.7896304527918497,0.5047507286071777,a,a,0.284879724184672
463,0.7983849843343099,0.5501267313957214,a,a,0.2482582529385885
464,0.7667326927185059,0.6177849372227987,a,a,0.14894775549570716
465,0.7025649547576904,0.6061777273813883,a,a,0.09638722737630212
466,0.6251721779505411,0.5146039326985677,a,a,0.1105682452519734
467,0.6440017620722452,0.5105029344558716,a,a,0.13349882761637366
468,0.762065052986145,0.4521009425322215,a,a,0.3099641104539235
469,0.7049570083618164,0.7835496266682943,b,b,0.0785926183064779
470,0.8117833932240804,0.6151132583618164,a,a,0.19667013486226403
471,0.893614133199056,0.49800196290016174,a,a,0.3956121702988943
472,0.5174296895662943,0.7015636761983236,b,b,0.1841339866320293
473,0.7879526217778524,0.6098963022232056,a,a,0.17805631955464685
474,0.5602018435796102,0.591862161954244,b,b,0.03166031837463379
475,0.6356154680252075,0.7713234424591064,b,b,0.13570797443389893
476,0.6882204612096151,0.6325946847597758,a,a,0.05562577644983935
477,0.8326370716094971,0.4601769248644511,a,a,0.37246014674504596
478,0.562309980392456,0.6089508136113485,b,b,0.04664083321889245
479,0.6371376514434814,0.580718994140625,a,a,0.056418657302856445
480,0.7036753495534261,0.4683985114097595,a,a,0.23527683814366662
481,0.6040383577346802,0.9288083712259928,b,b,0.3247700134913126
482,0.7285342216491699,0.5166986982027689,a,a,0.211835523446401
483,0.812045176823934,0.6378417809804281,a,a,0.17420339584350586
484,0.8640875816345215,0.6288594007492065,a,a,0.23522818088531494
485,0.5112807949384054,0.6313013235727946,b,b,0.12002052863438917
486,0.5665748516718546,0.7946509520212809,b,b,0.22807610034942627
487,0.6858789126078287,0.5558745861053467,a,a,0.13000432650248206
488,0.492867390314738,0.5978618065516154,b,b,0.10499441623687739
489,0.6242171923319498,0.7406522830327352,b,b,0.11643509070078539
490,0.5418303410212199,0.7868260939915975,b,b,0.24499575297037768
491,0.6149129470189413,0.7913181781768799,b,b,0.1764052311579386
492,0.716182549794515,0.49100881814956665,a,a,0.22517373164494836
493,0.5630292097727457,0.6516759991645813,b,b,0.08864678939183557
494,0.48196248213450116,0.7518031597137451,b,b,0.26984067757924396
495,0.6580796241760254,0.8605666160583496,b,b,0.20248699188232422
496,0.7295076052347819,0.6105545361836752,a,a,0.1189530690511067
497,0.5939740339914957,0.7349859476089478,b,b,0.14101191361745202
498,0.598423441251119,0.7584651708602905,b,b,0.1600417296091715
499,0.5777840813000997,0.65318763256073,b,b,0.07540355126063025
500,0.4661972026030223,0.7631996472676595,b,b,0.29700244466463727
501,0.5574885606765747,0.6731249888737997,b,b,0.11563642819722497
502,0.7385068337122599,0.5433018604914347,a,a,0.1952049732208252
503,0.5220387776692709,0.6618882815043131,b,b,0.13984950383504224
504,0.7021691004435221,0.6477519075075785,a,a,0.054417192935943604
505,0.7634216944376627,0.5721201697985331,a,a,0.19130152463912964
506,0.7791237433751425,0.9332101345062256,b,b,0.15408639113108313
507,0.49493034680684406,0.8122702836990356,b,b,0.3173399368921916
508,0.6140784819920858,0.5905518929163615,a,a,0.023526589075724358
509,0.8101673126220703,0.5076322158177694,a,a,0.3025350968043009
510,0.8831557830174764,0.6900885105133057,a,a,0.19306727250417077
511,0.7423613468805949,0.5987400412559509,a,a,0.14362130562464392
512,0.7143060763676962,0.5514924923578898,a,a,0.1628135840098064
513,0.5486383636792501,0.8024331331253052,b,b,0.25379476944605506
514,0.5329751769701639,0.6376054485638937,b,b,0.10463027159372973
515,0.8182224829991659,0.6177862882614136,a,a,0.20043619473775232
516,0.6085504492123922,0.8302503824234009,b,b,0.22169993321100867
517,0.6505238811175028,0.49555472532908124,a,a,0.15496915578842158
518,0.7351317405700684,0.6014233231544495,a,a,0.1337084174156189
519,0.7390769720077515,0.6015312075614929,a,a,0.13754576444625854
520,0.6234863599141439,0.7008568048477173,b,b,0.07737044493357337
521,0.7119694153467814,0.5490973989168803,a,a,0.16287201642990112
522,0.7334295511245728,0.5492237210273743,a,a,0.1842058300971985
523,0.52443794409434,0.8569409847259521,b,b,0.3325030406316122
524,0.49695173899332684,0.6885699431101481,b,b,0.19161820411682123
525,0.6522975166638693,0.847104549407959,b,b,0.19480703274408973
526,0.6168697675069174,0.519994298617045,a,a,0.09687546888987231
527,0.7681022882461548,0.5361658136049906,a,a,0.23193647464116418
528,0.7272350390752157,0.8307942549387614,b,b,0.10355921586354566
529,0.8002983729044596,0.6184490919113159,a,a,0.18184928099314368
530,0.8640548388163248,0.6345378955205282,a,a,0.22951694329579664
531,0.6575413743654887,0.8459527492523193,b,b,0.18841137488683068
532,0.6319215695063273,0.654637356599172,b,b,0.02271578709284472
533,0.7391161123911539,0.5482197205225626,a,a,0.1908963918685913
534,0.830024798711141,0.588132917881012,a,a,0.24189188083012902
535,0.8507802883783976,0.593820055325826,a,a,0.25696023305257154
536,0.6954237222671509,0.6147562265396118,a,a,0.08066749572753906
537,0.4710315366586049,0.5810337464014689,b,b,0.11000220974286395
538,0.7146050930023193,0.8406705458958944,b,b,0.12606545289357507
539,0.737024704615275,0.6006650527318319,a,a,0.13635965188344312
540,0.5999310811360677,0.8137594858805338,b,b,0.21382840474446607
541,0.84488578637441,0.6852946678797404,a,a,0.15959111849466967
542,0.8185467720031738,0.5152292450269064,a,a,0.30331752697626746
543,0.5324867963790894,0.6935739517211914,b,b,0.16108715534210205
544,0.7366196711858114,0.5961222648620605,a,a,0.14049740632375085
545,0.5725436607996622,0.7191986242930094,b,b,0.14665496349334717
546,0.600011428197225,0.7110584576924642,b,b,0.11104702949523926
547,0.5497196515401205,0.7043824195861816,b,b,0.15466276804606116
548,0.7757412195205688,0.5783912738164266,a,a,0.19734994570414222
549,0.6678493022918701,0.8001830577850342,b,b,0.13233375549316406
550,0.5557482639948527,0.6868983109792074,b,b,0.13115004698435473
551,0.7437251408894857,0.7564353148142496,b,b,0.012710173924763923
552,0.6431110501289368,0.8074737787246704,b,b,0.16436272859573364
553,0.8189742962519327,0.5016644795735677,a,a,0.317309816678365
554,0.5883520444234213,0.6661790808041891,b,b,0.07782703638076782
555,0.6781888008117676,0.582184632619222,a,a,0.09600416819254554
556,0.7246596018473307,0.6160153150558472,a,a,0.10864428679148352
557,0.5286659598350525,0.7031772136688232,b,b,0.17451125383377075
558,0.5371288657188416,0.7061328887939453,b,b,0.16900402307510376
559,0.480575958887736,0.845576286315918,b,b,0.36500032742818195
560,0.7578151226043701,0.7549867232640585,a,a,0.002828399340311649
561,0.7743870814641317,0.6728046735127767,a,a,0.10158240795135498
562,0.7013372182846069,0.841632604598999,b,b,0.1402953863143921
563,0.7572197914123535,0.44675562779108685,a,a,0.31046416362126666
564,0.6225274403889974,0.7741550207138062,b,b,0.15162758032480872
565,0.4369134108225505,0.596930980682373,b,b,0.16001756985982257
566,0.4866570631663005,0.7074870268503824,b,b,0.22082996368408198
567,0.5064129630724589,0.7428879737854004,b,b,0.23647501071294152
568,0.7214159965515137,0.6121426820755005,a,a,0.10927331447601318
569,0.5287256042162577,0.7189710934956869,b,b,0.1902454892794292
570,0.6032278537750244,0.7832770347595215,b,b,0.18004918098449707
571,0.6470780173937479,0.8156250715255737,b,b,0.1685470541318258
572,0.6302314798037211,0.6538064479827881,b,a,0.023574968179067013
573,0.5155685941378275,0.6873169740041097,b,b,0.17174837986628222
574,0.5002282857894897,0.7088873386383057,b,b,0.20865905284881592
575,0.7336270809173584,0.5584206382433573,a,a,0.1752064426740011
576,0.6123591860135397,0.8793599605560303,b,b,0.2670007745424906
577,0.6323757767677307,0.7260289192199707,b,b,0.09365314245223999
578,0.7077631950378418,0.5704830884933472,a,a,0.13728010654449463
579,0.5970423221588135,0.6887348890304565,b,b,0.09169256687164307
580,0.5671821037928263,0.7275112867355347,b,b,0.16032918294270837
581,0.902737538019816,0.5558294455210367,a,a,0.3469080924987793
582,0.733583927154541,0.5594898660977682,a,a,0.17409406105677283
583,0.7215874592463175,0.4878969391187032,a,a,0.23369052012761432
584,0.7095865408579508,0.6224328875541687,a,a,0.08715365330378211
585,0.6440141598383585,0.8503232399622599,b,b,0.20630908012390137
586,0.5611320932706197,0.7306963602701823,b,b,0.1695642669995625
587,0.6582587560017904,0.7040509382883707,b,b,0.04579218228658033
588,0.649357000986735,0.7124113241831461,b,b,0.06305432319641113
589,0.6449644565582275,0.636671781539917,a,a,0.008292675018310547
590,0.44245978196461994,0.6513844728469849,b,b,0.20892469088236493
591,0.7121301492055258,0.547599713007609,a,a,0.16453043619791674
592,0.8147445519765218,0.6479609211285909,a,a,0.1667836308479309
593,0.6291881601015726,0.8194067080815634,b,b,0.19021854797999072
594,0.5189088582992554,0.767136017481486,b,b,0.2482271591822306
595,0.7040605942408243,0.5795256296793619,a,a,0.1245349645614624
596,0.8265211582183838,0.4968759814898173,a,a,0.32964517672856647
597,0.7887630462646484,0.5206054051717123,a,a,0.26815764109293616
598,0.9208405017852783,0.5583807627360026,a,a,0.36245973904927575
599,0.4592561225096385,0.5044610500335693,b,b,0.04520492752393085
600,0.8106958071390787,0.5838505824406942,a,a,0.22684522469838453
601,0.5244489908218384,0.827772299448649,b,b,0.3033233086268107
602,0.6356534957885742,0.865575353304545,b,b,0.22992185751597083
603,0.8708090782165527,0.6087048649787903,a,a,0.26210421323776245
604,0.4436827103296916,0.7653028964996338,b,b,0.3216201861699422
605,0.8823373317718506,0.5822091897328695,a,a,0.3001281420389811
606,0.8200573126475016,0.6437559922536215,a,a,0.17630132039388013
607,0.6367516120274862,0.7982188065846761,b,b,0.16146719455718994
608,0.5719377199808756,0.6673650741577148,b,b,0.09542735417683923
609,0.5650195876757304,0.7762449582417806,b,b,0.21122537056605029
610,0.8875834147135416,0.6913182338078817,a,a,0.19626518090565992
611,0.6230860948562622,0.7785862684249878,b,b,0.15550017356872559
612,0.513011117776235,0.6847909291585287,b,b,0.1717798113822937
613,0.5728467305501302,0.5684465964635214,a,b,0.004400134086608887
614,0.6205307245254517,0.8734579881032308,b,b,0.25292726357777917
615,0.842125415802002,0.6093000968297323,a,a,0.23282531897226966
616,0.647316058476766,0.8382213910420736,b,b,0.19090533256530762
617,0.5342428286870321,0.8195241689682007,b,b,0.2852813402811686
618,0.6303747892379761,0.5825525124867758,a,a,0.04782227675120032
619,0.5826733112335205,0.69097367922465,b,b,0.10830036799112952
620,0.6154716809590658,0.6721495787302653,b,b,0.05667789777119947
621,0.6606109142303467,0.7408474286397299,b,b,0.08023651440938318
622,0.468942791223526,0.7036469777425131,b,b,0.23470418651898706
623,0.8716740608215332,0.5612761576970419,a,a,0.31039790312449134
624,0.6025190552075704,0.7505056063334147,b,b,0.14798655112584425
625,0.4502516984939575,0.9194624423980713,b,b,0.46921074390411377
626,0.8263900677363077,0.5042990446090698,a,a,0.3220910231272379
627,0.47388367851575214,0.5917267998059591,b,b,0.11784312129020696
628,0.6105807622273763,0.6904829740524292,b,b,0.07990221182505286
629,0.7236146926879883,0.532220204671224,a,a,0.19139448801676429
630,0.7759501139322916,0.5441327293713888,a,a,0.23181738456090284
631,0.6592642466227213,0.8221648931503296,b,b,0.16290064652760827
632,0.7250213623046875,0.724754254023234,a,b,0.00026710828145348753
633,0.7400721708933512,0.4874492088953654,a,a,0.2526229619979858
634,0.7242168585459391,0.3979644626379013,a,a,0.3262523959080378
635,0.6007970968882242,0.8698885440826416,b,b,0.26909144719441735
636,0.5066577792167664,0.7072181304295858,b,b,0.20056035121281945
637,0.27290050437053043,0.7762254079182943,b,b,0.5033249035477638
638,0.6667634646097819,0.5390087564786276,a,a,0.1277547081311543
639,0.6283558408419291,0.7739884853363037,b,b,0.14563264449437463
640,0.561017374197642,0.7723068793614706,b,b,0.2112895051638286
641,0.6698892911275228,0.5467310746510824,a,a,0.12315821647644043
642,0.7798678874969482,0.6476885676383972,a,a,0.13217931985855103
643,0.8033158779144287,0.6612972617149353,a,a,0.1420186161994934
644,0.5062928795814514,0.6177485187848409,b,b,0.11145563920338952
645,0.5853761434555054,0.7574548323949178,b,b,0.17207868893941247
646,0.6360904375712076,0.783495823542277,b,b,0.14740538597106934
647,0.663436750570933,0.6043226718902588,a,b,0.0591140786806742
648,0.5131053924560547,0.7599984804789225,b,b,0.2468930880228678
649,0.5566056172053019,0.7241568168004354,b,b,0.16755119959513354
650,0.8086605866750082,0.6045524875322977,a,a,0.20410809914271044
651,0.5450076858202616,0.7090840339660645,b,b,0.16407634814580285
652,0.517173171043396,0.7440386613210043,b,b,0.22686549027760827
653,0.809443195660909,0.6381775538126627,a,a,0.17126564184824633
654,0.8773263295491537,0.5855943560600281,a,a,0.2917319734891256
655,0.5508294900258383,0.8535729249318441,b,b,0.30274343490600586
656,0.6897497971852621,0.8202463388442993,b,b,0.13049654165903724
657,0.7402066787083944,0.49792298674583435,a,a,0.24228369196256005
658,0.5883180697758993,0.7000027894973755,b,b,0.1116847197214762
659,0.6931231816609701,0.6790306170781454,a,a,0.014092564582824707
660,0.5703571240107218,0.7736222346623739,b,b,0.2032651106516521
661,0.5024199883143107,0.7020986080169678,b,b,0.1996786197026571
662,0.575939953327179,0.7357629140218099,b,b,0.15982296069463098
663,0.7450445095698038,0.4779160221417745,a,a,0.26712848742802936
664,0.6778737703959147,0.613865594069163,a,b,0.06400817632675171
665,0.838732123374939,0.5601295431454977,a,a,0.2786025802294413
666,0.5495750904083252,0.53961710135142,a,a,0.009957989056905148
667,0.5100848078727722,0.5573917627334595,b,b,0.047306954860687256
668,0.6967998345692953,0.5134096145629883,a,a,0.183390220006307
669,0.8542431195576986,0.6310211618741354,a,a,0.22322195768356323
670,0.6141870816548666,0.750272274017334,b,b,0.1360851923624674
671,0.7059453328450521,0.8434358437856039,b,b,0.13749051094055176
672,0.6374224424362183,0.7252792517344157,b,b,0.08785680929819739
673,0.5757360061009725,0.7012380758921305,b,b,0.12550206979115797
674,0.6467041969299316,0.6894860665003458,b,b,0.04278186957041419
675,0.7064165274302164,0.5474210580190023,a,a,0.15899546941121412
676,0.7107007106145223,0.5524806181589762,a,a,0.15822009245554614
677,0.8080728848775228,0.5273231267929077,a,a,0.2807497580846151
678,0.8042953014373779,0.5875981251398722,a,a,0.21669717629750573
679,0.5362089077631632,0.7256884574890137,b,b,0.18947954972585046
680,0.7343141237894694,0.5390162666638693,a,a,0.1952978571256001
681,0.6080503662427267,0.8016812006632487,b,b,0.19363083442052198
682,0.5171955426534017,0.6591613491376241,b,b,0.1419658064842224
683,0.6088522672653198,0.5131445725758871,a,a,0.09570769468943274
684,0.7548791567484537,0.4445115923881531,a,a,0.31036756436030066
685,0.7113544543584188,0.599375585714976,a,a,0.11197886864344286
686,0.9017215172449747,0.659684936205546,a,a,0.2420365810394287
687,0.6282000343004862,0.7274240652720133,b,b,0.0992240309715271
688,0.7024914423624674,0.5267890890439352,a,a,0.17570235331853223
689,0.6336047252019247,0.8402528762817383,b,b,0.2066481510798136
690,0.5322261651357015,0.7577442328135172,b,b,0.22551806767781568
691,0.6300110618273417,0.8328521649042765,b,b,0.20284110307693481
692,0.6679062445958456,0.5851314067840576,a,a,0.08277483781178796
693,0.48793209592501324,0.7853225866953532,b,b,0.2973904907703399
694,0.8221917947133383,0.5377438465754191,a,a,0.2844479481379192
695,0.7130944728851318,0.6612773338953654,a,a,0.051817138989766476
696,0.6925292015075684,0.6645369927088419,a,a,0.027992208798726437
697,0.7167763710021973,0.8014385302861532,b,b,0.08466215928395593
698,0.5622737805048624,0.7322370211283366,b,b,0.16996324062347412
699,0.7787526845932007,0.5885753234227499,a,a,0.1901773611704508
700,0.6286015510559082,0.835270881652832,b,b,0.20666933059692383
701,0.7197735706965128,0.5413582722345988,a,a,0.17841529846191406
702,0.7739399274190267,0.5439611673355103,a,a,0.22997876008351648
703,0.7117262681325277,0.5043275753657023,a,a,0.20739869276682543
704,0.7265835603078207,0.5424691239992777,a,a,0.18411443630854296
705,0.7690326372782389,0.6532326738039652,a,a,0.11579996347427368
706,0.8128588199615479,0.6071224013964335,a,a,0.20573641856511438
707,0.7991386651992798,0.6351029674212137,a,a,0.16403569777806604
708,0.700452963511149,0.4960387547810872,a,a,0.20441420873006183
709,0.80099089940389,0.5367957353591919,a,a,0.2641951640446981
710,0.806550939877828,0.6487296024958292,a,a,0.15782133738199877
711,0.8575644493103027,0.6371705929438273,a,a,0.22039385636647546
712,0.5758682688077291,0.8362030188242594,b,b,0.2603347500165303
713,0.56588214635849,0.7906463940938314,b,b,0.22476424773534143
714,0.5511211156845093,0.7513917684555054,b,b,0.2002706527709961
715,0.751054048538208,0.48553647597630817,a,a,0.26551757256189984
716,0.6731310685475668,0.56342081228892,a,a,0.10971025625864672
717,0.8590332667032877,0.6405333677927653,a,a,0.21849989891052246
718,0.6845761934916178,0.4626897871494293,a,a,0.22188640634218848
719,0.6710571448008219,0.5348625977834066,a,a,0.1361945470174153
720,0.7206138372421265,0.41430428624153137,a,a,0.3063095510005951
721,0.7321121692657471,0.6331264972686768,a,a,0.09898567199707031
722,0.5598874489466349,0.6373545328776041,b,b,0.07746708393096924
723,0.5460004011789957,0.6981285015741984,b,b,0.15212810039520264
724,0.590827226638794,0.7685512701670328,b,b,0.1777240435282389
725,0.577921986579895,0.7924086252848307,b,b,0.21448663870493567
726,0.7352505524953207,0.621767004330953,a,a,0.11348354816436768
727,0.7243489821751913,0.7858178615570068,b,b,0.061468879381815555
728,0.7307856877644857,0.49844251076380414,a,a,0.23234317700068158
729,0.7434499661127726,0.8785504500071207,b,b,0.13510048389434814
730,0.805390477180481,0.6270753939946493,a,a,0.17831508318583167
731,0.775397539138794,0.6097019910812378,a,a,0.16569554805755615
732,0.7055145104726156,0.5553731918334961,a,a,0.1501413186391195
733,0.7379176616668701,0.6031089623769125,a,a,0.13480869928995765
734,0.6983718077341715,0.5320016543070475,a,a,0.16637015342712402
735,0.56172247727712,0.8219871918360392,b,b,0.2602647145589192
736,0.5559870402018229,0.7156155904134115,b,b,0.15962855021158862
737,0.7922927538553873,0.6778103113174438,a,a,0.11448244253794349
738,0.5426248709360758,0.6567846934000651,b,b,0.11415982246398926
739,0.6216640472412109,0.7186870177586874,b,b,0.09702297051747644
740,0.4778260787328084,0.7933468023935953,b,b,0.31552072366078693
741,0.7557599544525146,0.5904357234636942,a,a,0.16532423098882043
742,0.3811944325764974,0.6882773637771606,b,b,0.30708293120066327
743,0.5935177008310953,0.792682965596517,b,b,0.19916526476542162
744,0.6531399687131246,0.6754393974939982,b,b,0.022299428780873543
745,0.5809648036956787,0.6427198449770609,b,b,0.061755041281382206
746,0.8557721773783366,0.6072344183921814,a,a,0.24853775898615516
747,0.767224391301473,0.6069396734237671,a,a,0.16028471787770593
748,0.499136487642924,0.6826602220535278,b,b,0.18352373441060382
749,0.7642589807510376,0.6652393937110901,a,a,0.09901958703994751
750,0.7800189256668091,0.6083271106084188,a,a,0.17169181505839026
751,0.7714470227559408,0.807916005452474,b,a,0.0364689826965332
752,0.5832267800966898,0.7994493246078491,b,b,0.2162225445111593
753,0.7463265260060629,0.5968696673711141,a,a,0.14945685863494873
754,0.5939969619115194,0.6124077041943868,b,b,0.01841074228286743
755,0.6179781953493754,0.7857837677001953,b,b,0.16780557235081994
756,0.7550612290700277,0.58029838403066,a,a,0.17476284503936768
757,0.7684812545776367,0.539077361424764,a,a,0.22940389315287268
758,0.7523053487141927,0.5358799695968628,a,a,0.21642537911732995
759,0.6566699941953024,0.7515779733657837,b,b,0.09490797917048133
760,0.6223794023195902,0.7916695276896158,b,b,0.16929012537002563
761,0.6742873986562093,0.47589242458343506,a,a,0.1983949740727743
762,0.4995254377524058,0.7751030921936035,b,b,0.2755776544411977
763,0.8071266015370687,0.6076492865880331,a,a,0.19947731494903564
764,0.7189689874649048,0.6199979980786642,a,a,0.0989709893862406
765,0.8272673288981119,0.712545911471049,a,a,0.11472141742706299
766,0.731604814529419,0.6772445837656657,a,a,0.05436023076375329
767,0.7494743665059408,0.5215431253115336,a,a,0.22793124119440722
768,0.6066751678784689,0.7927447557449341,b,b,0.1860695878664652
769,0.7446637153625488,0.6224013169606527,a,a,0.12226239840189612
770,0.6116251548131307,0.8205108642578125,b,b,0.20888570944468177
771,0.683221181233724,0.565594752629598,a,a,0.11762642860412598
772,0.5832475026448568,0.9249363342920939,b,b,0.34168883164723707
773,0.767401933670044,0.6619418462117513,a,a,0.1054600874582926
774,0.6988030274709066,0.5128622055053711,a,a,0.18594082196553552
775,0.7859721183776855,0.6342639923095703,a,a,0.15170812606811523
776,0.6203989783922831,0.6710242430369059,b,b,0.0506252646446228
777,0.5476150910059611,0.6967326005299886,b,b,0.14911750952402758
778,0.8442002932230631,0.6793116331100464,a,a,0.16488866011301673
779,0.6460890372594198,0.7693532307942709,b,b,0.12326419353485107
780,0.7838676770528158,0.6916085084279379,a,a,0.09225916862487793
781,0.48494799931844074,0.6891080935796102,b,b,0.2041600942611695
782,0.6230773131052653,0.8541239102681478,b,b,0.23104659716288256
783,0.6903057098388672,0.5645375847816467,a,a,0.12576812505722046
784,0.6575866540273031,0.6313770612080892,a,b,0.026209592819213867
785,0.5816900531450907,0.6499740282694498,b,b,0.06828397512435913
786,0.7211178541183472,0.5744757850964864,a,a,0.14664206902186072
787,0.5240620573361715,0.8232376575469971,b,b,0.29917560021082557
788,0.8453495105107626,0.7372409502665201,a,a,0.10810856024424242
789,0.4940391977628072,0.7414817015329996,b,b,0.24744250377019245
790,0.6140713493029276,0.6279968818028768,b,b,0.013925532499949211
791,0.7054671049118042,0.5752590894699097,a,a,0.13020801544189453
792,0.7932798067728678,0.4583610196908315,a,a,0.3349187870820363
793,0.7302078803380331,0.9610347747802734,b,b,0.23082689444224036
794,0.7231688896814982,0.6442857782046,a,a,0.0788831114768982
795,0.5487274726231893,0.6601709326108297,b,b,0.11144345998764038
796,0.7454718351364136,0.6597693761189779,a,a,0.08570245901743567
797,0.5309291879336039,0.6603831251462301,b,b,0.1294539372126262
798,0.6911896069844564,0.833189050356547,b,b,0.14199944337209058
799,0.7831827799479166,0.8782657782236735,b,b,0.09508299827575684
800,0.7390425205230713,0.5977398157119751,a,a,0.1413027048110962
801,0.8017634153366089,0.800055185953776,a,a,0.001708229382832882
802,0.5565634965896606,0.7918347915013632,b,b,0.2352712949117025
803,0.7732985814412435,0.4576435188452403,a,a,0.31565506259600323
804,0.6100556453069051,0.8821335633595785,b,b,0.27207791805267334
805,0.5721130967140198,0.7290338675181071,b,b,0.15692077080408728
806,0.7232962052027384,0.5971147020657858,a,a,0.12618150313695264
807,0.8041159311930338,0.6101435820261637,a,a,0.19397234916687012
808,0.6414892276128134,0.8163635730743408,b,a,0.17487434546152747
809,0.6969865957895914,0.7818037668863932,b,b,0.08481717109680176
810,0.6480855345726013,0.7927001714706421,b,b,0.14461463689804077
811,0.6402357816696167,0.6575092474619547,b,b,0.017273465792338016
812,0.7807907263437907,0.5915266275405884,a,a,0.18926409880320227
813,0.7006202538808187,0.7937415440877279,b,b,0.09312129020690918
814,0.8433002630869547,0.6196971337000529,a,a,0.22360312938690186
815,0.6060193379720052,0.6403066714604696,b,b,0.034287333488464355
816,0.7005207141240438,0.5154537558555603,a,a,0.18506695826848352
817,0.5681950648625692,0.6851535240809122,b,b,0.11695845921834302
818,0.5835970640182495,0.7279815673828125,b,b,0.144384503364563
819,0.6350436011950175,0.9820990562438965,b,b,0.347055455048879
820,0.5942294597625732,0.6935873826344808,b,b,0.09935792287190759
821,0.7594137191772461,0.6622174779574076,a,a,0.0971962412198385
822,0.5010174910227457,0.7054955164591471,b,b,0.20447802543640137
823,0.6711453596750895,0.568881074587504,a,b,0.10226428508758545
824,0.8178030649820963,0.5662716229756674,a,a,0.25153144200642896
825,0.5808388789494833,0.4858448306719462,a,a,0.09499404827753705
826,0.8553481101989746,0.581886887550354,a,a,0.2734612226486206
827,0.6908086935679117,0.8171292146046957,b,b,0.12632052103678393
828,0.5846524238586426,0.6674248377482096,b,b,0.08277241388956702
829,0.8202471733093262,0.5846680800120035,a,a,0.23557909329732263
830,0.5952607790629069,0.7718470891316732,b,b,0.17658631006876635
831,0.7423596382141113,0.6858150164286295,a,a,0.05654462178548181
832,0.6822242736816406,0.7932035525639852,b,b,0.1109792788823446
833,0.8162904580434164,0.6839234431584676,a,a,0.13236701488494873
834,0.7433563073476156,0.7119317054748535,a,a,0.03142460187276208
835,0.7070915699005127,0.6060424049695333,a,a,0.10104916493097937
836,0.9023892482121786,0.6659510135650635,a,a,0.2364382346471151
837,0.6232191324234009,0.46632617712020874,a,a,0.15689295530319214
838,0.7395031054814657,0.5969428817431132,a,a,0.14256022373835253
839,0.8027416865030924,0.6562488079071045,a,a,0.14649287859598792
840,0.6213393211364746,0.8229900598526001,b,b,0.2016507387161255
841,0.6464584271113077,0.6996026039123535,b,b,0.05314417680104577
842,0.6466051737467448,0.8029534419377645,b,b,0.15634826819101977
843,0.6012205481529236,0.8012847105662028,b,b,0.20006416241327918
844,0.7463659445444742,0.6485414505004883,a,a,0.09782449404398597
845,0.6658666531244913,0.47988014419873554,a,a,0.1859865089257558
846,0.6091535886128744,0.8881891965866089,b,b,0.2790356079737345
847,0.6314026514689127,0.4464652935663859,a,a,0.1849373579025268
848,0.5555365880330404,0.6877981821695963,b,b,0.13226159413655592
849,0.7200871308644613,0.44362467527389526,a,a,0.27646245559056604
850,0.7201431194941202,0.8122613430023193,b,b,0.09211822350819909
851,0.590296188990275,0.9312963883082072,b,b,0.34100019931793213
852,0.8268900314966837,0.5553527673085531,a,a,0.2715372641881306
853,0.671210527420044,0.5757391452789307,a,a,0.09547138214111328
854,0.5739935636520386,0.6790779829025269,b,b,0.10508441925048828
855,0.6711625258127848,0.7991237640380859,b,b,0.12796123822530114
856,0.7514559825261434,0.6804840564727783,a,a,0.07097192605336511
857,0.7256267070770264,0.8032751878102621,b,b,0.07764848073323571
858,0.7829453945159912,0.6719256242116293,a,a,0.11101977030436194
859,0.8101221323013306,0.46806566913922626,a,a,0.3420564631621043
860,0.6108725269635519,0.7948422034581503,b,b,0.1839696764945984
861,0.8828371365865072,0.5929005940755209,a,a,0.28993654251098633
862,0.7803873221079508,0.6840118567148844,a,a,0.0963754653930664
863,0.6975589593251547,0.5349026918411255,a,a,0.16265626748402917
864,0.5444869995117188,0.7902061939239502,b,b,0.24571919441223145
865,0.45469117164611816,0.7264563242594401,b,b,0.2717651526133219
866,0.5443688035011292,0.6814802090326945,b,b,0.1371114055315653
867,0.5535926024119059,0.7350271542867025,b,b,0.18143455187479662
868,0.6674730777740479,0.5525533755620321,a,a,0.11491970221201575
869,0.5507887999216715,0.8887525796890259,b,b,0.33796377976735437
870,0.5103208223978678,0.6589178045590719,b,b,0.1485969821612041
871,0.757823626200358,0.6485706567764282,a,a,0.10925296942392981
872,0.5252370834350586,0.7298579216003418,b,b,0.2046208381652832
873,0.7125957012176514,0.512686014175415,a,a,0.19990968704223633
874,0.5681933561960856,0.7049163579940796,b,b,0.13672300179799401
875,0.5383594036102295,0.6713058153788248,b,b,0.13294641176859534
876,0.7360018094380697,0.5225764115651449,a,a,0.2134253978729248
877,0.6213177442550659,0.7399966319402059,b,b,0.11867888768514001
878,0.5340862274169922,0.5325173735618591,a,a,0.0015688538551330566
879,0.6766120592753092,0.5993891557057699,a,a,0.07722290356953931
880,0.6919918060302734,0.7528909842173258,b,b,0.06089917818705237
881,0.5443768302599589,0.5957372983296713,b,b,0.051360468069712395
882,0.6329971551895142,0.8462352752685547,b,b,0.21323812007904053
883,0.7815407911936442,0.6321693261464437,a,a,0.14937146504720045
884,0.6036933461825053,0.6675396760304769,b,b,0.06384632984797167
885,0.6362379789352417,0.6722838083902994,b,b,0.03604582945505774
886,0.7085971832275391,0.6175084908803304,a,a,0.09108869234720862
887,0.5129559437433878,0.8684542973836263,b,b,0.3554983536402385
888,0.651278575261434,0.766265869140625,b,b,0.11498729387919104
889,0.5791290799776713,0.6629827817281088,b,b,0.08385370175043749
890,0.7030556201934814,0.8783315420150757,b,b,0.17527592182159424
891,0.6175427834192911,0.5177728335062662,a,a,0.0997699499130249
892,0.660494844118754,0.524466315905253,a,a,0.13602852821350098
893,0.69120987256368,0.5918745994567871,a,a,0.09933527310689294
894,0.7228457530339559,0.5742229620615641,a,a,0.14862279097239184
895,0.4387042721112569,0.7216523488362631,b,b,0.28294807672500616
896,0.6037386258443197,0.698159376780192,b,b,0.09442075093587232
897,0.35555917272965115,0.7960944970448812,b,b,0.44053532431523007
898,0.4513373573621114,0.6850571235020956,b,b,0.2337197661399842
899,0.6181740760803223,0.6233527064323425,b,a,0.005178630352020264
900,0.7212422688802084,0.6253963510195414,a,a,0.09584591786066698
901,0.5346553921699524,0.5978750785191854,b,b,0.06321968634923303
902,0.8455012639363607,0.7068281173706055,a,a,0.13867314656575525
903,0.5907552639643351,0.7066171169281006,b,b,0.1158618529637655
904,0.6451069911321005,0.6998282670974731,b,b,0.054721275965372684
905,0.7803680896759033,0.5114717682202657,a,a,0.2688963214556376
906,0.6690855026245117,0.8473663330078125,b,b,0.17828083038330078
907,0.6737624406814575,0.6198387940724691,a,a,0.05392364660898841
908,0.5790901978810629,0.86907430489858,b,b,0.2899841070175171
909,0.6991004149119059,0.7471703688303629,b,b,0.04806995391845703
910,0.49555110931396484,0.7695473035176595,b,b,0.2739961942036947
911,0.63319331407547,0.5742824077606201,a,a,0.058910906314849854
912,0.5716213385264078,0.828346053759257,b,b,0.2567247152328491
913,0.7721991936365763,0.5951434969902039,a,a,0.17705569664637244
914,0.6627257068951925,0.697529157002767,b,b,0.03480345010757446
915,0.7343090772628784,0.5968111356099447,a,a,0.13749794165293372
916,0.8190661668777466,0.6646490494410197,a,a,0.15441711743672693
917,0.510773499806722,0.648367702960968,b,b,0.13759420315424598
918,0.5968882242838541,0.8756071726481119,b,b,0.2787189483642578
919,0.564892848332723,0.7664989630381266,b,b,0.20160611470540357
920,0.8521610101064047,0.6241073211034139,a,a,0.22805368900299072
921,0.7097496589024862,0.6381721893946329,a,a,0.07157746950785326
922,0.6077915032704672,0.7374001344045004,b,b,0.1296086311340332
923,0.7832659880320231,0.6141096353530884,a,a,0.1691563526789347
924,0.7714977264404297,0.6486463944117228,a,a,0.1228513320287069
925,0.7922745943069458,0.7468147277832031,a,a,0.045459866523742676
926,0.7212862173716227,0.5778998533884684,a,a,0.1433863639831543
927,0.6645095149676005,0.6996963818868002,b,b,0.0351868669191997
928,0.7185723781585693,0.5505849719047546,a,a,0.1679874062538147
929,0.79307754834493,0.4963020980358124,a,a,0.29677545030911767
930,0.6238654454549154,0.7124893665313721,b,b,0.08862392107645667
931,0.6984232266743978,0.5835684140523275,a,a,0.11485481262207031
932,0.6880613168080648,0.688594381014506,b,b,0.0005330642064411695
933,0.5283905267715454,0.7188674211502075,b,b,0.1904768943786621
934,0.7557950417200724,0.5676491657892863,a,a,0.18814587593078613
935,0.5533018509546915,0.8593715031941732,b,b,0.3060696522394817
936,0.49796901146570843,0.6553883751233419,b,b,0.15741936365763348
937,0.8375728130340576,0.5084954500198364,a,a,0.3290773630142212
938,0.6764369010925293,0.5834484497706095,a,a,0.0929884513219198
939,0.5142568747202555,0.7394892772038778,b,b,0.2252324024836223
940,0.7485675811767578,0.5091172059377035,a,a,0.23945037523905432
941,0.5843249559402466,0.7807923158009847,b,b,0.19646735986073816
942,0.53792272011439,0.768139918645223,b,b,0.230217198530833
943,0.9262222448984782,0.6603897412618002,a,a,0.265832503636678
944,0.5622203548749288,0.8082278569539388,b,b,0.24600750207901
945,0.7709365288416544,0.4701441725095113,a,a,0.30079235633214313
946,0.731899619102478,0.8754959106445312,b,b,0.14359629154205322
947,0.6992518901824951,0.5545811454455057,a,a,0.14467074473698938
948,0.5918625593185425,0.6991402705510458,b,b,0.10727771123250329
949,0.5662227272987366,0.8363804817199707,b,b,0.27015775442123413
950,0.82233993212382,0.5651249885559082,a,a,0.25721494356791175
951,0.6732382774353027,0.8370143175125122,b,b,0.16377604007720947
952,0.8707470496495565,0.6099639336268107,a,a,0.26078311602274584
953,0.7023200194040934,0.5960616668065389,a,a,0.10625835259755445
954,0.8132811387379965,0.915672779083252,b,b,0.1023916403452555
955,0.6985673904418945,0.5232642491658529,a,a,0.17530314127604163
956,0.8010301987330118,0.5673075318336487,a,a,0.23372266689936316
957,0.7753537893295288,0.6098453601201376,a,a,0.16550842920939124
958,0.5372747977574667,0.7233637173970541,b,b,0.1860889196395874
959,0.5428382555643717,0.6639207998911539,b,b,0.12108254432678223
960,0.6603704690933228,0.857782244682312,b,b,0.19741177558898926
961,0.7966585556666056,0.6527253190676371,a,a,0.1439332365989685
962,0.6149112383524576,0.5907806754112244,a,a,0.02413056294123328
963,0.46755164861679077,0.6349907120068868,b,b,0.16743906339009607
964,0.39043672879536945,0.6831808884938558,b,b,0.2927441596984864
965,0.5621060132980347,0.7872567971547445,b,b,0.22515078385670984
966,0.702279249827067,0.5466499725977579,a,a,0.15562927722930908
967,0.5141394734382629,0.7501233418782552,b,b,0.2359838684399923
968,0.6559545993804932,0.6820410887400309,b,b,0.026086489359537723
969,0.5274339318275452,0.777916431427002,b,b,0.2504824995994568
970,0.7293624877929688,0.5072769721349081,a,a,0.22208551565806067
971,0.7526170412699381,0.5711959600448608,a,a,0.18142108122507727
972,0.6225774089495341,0.6160196860631307,a,a,0.006557722886403328
973,0.6307363708813986,0.8478100299835205,b,b,0.21707365910212195
974,0.539824644724528,0.6762493451436361,b,b,0.13642470041910815
975,0.6632586717605591,0.5275802413622538,a,a,0.1356784303983053
976,0.6759320894877116,0.5225478410720825,a,a,0.15338424841562903
977,0.6397900183995565,0.82149871190389,b,b,0.1817086935043335
978,0.7319122552871704,0.6908319791158041,a,a,0.04108027617136634
979,0.8541573683420817,0.5892614920934042,a,a,0.2648958762486775
980,0.5360480944315592,0.7442288001378378,b,b,0.20818070570627856
981,0.7123453617095947,0.585818866888682,a,a,0.12652649482091272
982,0.5771721800168356,0.7622780799865723,b,b,0.1851058999697367
983,0.7995941241582235,0.5663548111915588,a,a,0.23323931296666467
984,0.730941375096639,0.8185490767161051,b,b,0.08760770161946607
985,0.5440875689188639,0.6420451402664185,b,b,0.09795757134755456
986,0.6362518072128296,0.7840317090352377,b,b,0.14777990182240808
987,0.7362842957178751,0.545933206876119,a,a,0.1903510888417561
988,0.7617303133010864,0.5504314104715983,a,a,0.21129890282948816
989,0.7806402047475179,0.5501952370007833,a,a,0.23044496774673462
990,0.6071736216545105,0.5910476048787435,a,a,0.01612601677576697
991,0.6960631211598715,0.5780997276306152,a,a,0.11796339352925622
992,0.6226509014765421,0.9303766886393229,b,b,0.30772578716278076
993,0.6674450238545736,0.5926442941029867,a,a,0.07480072975158691
994,0.6347718437512716,0.7001848220825195,b,b,0.06541297833124793
995,0.5977362394332886,0.7384492953618368,b,b,0.14071305592854821
996,0.8506877422332764,0.6764283974965414,a,a,0.174259344736735
997,0.7986765305201212,0.6049090226491293,a,a,0.19376750787099195
998,0.6815557479858398,0.5831315716107687,a,a,0.09842417637507117
999,0.6166408856709799,0.4238133728504181,a,a,0.19282751282056176
1000,0.7765663464864095,0.5912175973256429,a,a,0.1853487491607666
1001,0.558653990427653,0.6929306189219157,b,b,0.1342766284942627
1002,0.8365683158238729,0.6661219994227091,a,a,0.1704463164011638
1003,0.5737049778302511,0.69917893409729,b,b,0.12547395626703894
1004,0.7808862527211508,0.6688764095306396,a,a,0.1120098431905111
1005,0.8812798659006754,0.5742048422495524,a,a,0.30707502365112305
1006,0.7604100704193115,0.4952370524406433,a,a,0.2651730179786682
1007,0.8674887816111246,0.6482848723729452,a,a,0.21920390923817945
1008,0.5975464781125387,0.8047925233840942,b,b,0.20724604527155555
1009,0.5114726622899374,0.7434614896774292,b,b,0.23198882738749182
1010,0.6440205971399943,0.544556736946106,a,a,0.09946386019388831
1011,0.7210814952850342,0.6398171782493591,a,a,0.08126431703567505
1012,0.8949302037556967,0.6932018597920736,a,a,0.20172834396362305
1013,0.5897116462389628,0.7411643664042155,b,b,0.15145272016525269
1014,0.45304596424102783,0.7403645515441895,b,b,0.2873185873031616
1015,0.7619463602701823,0.491766224304835,a,a,0.27018013596534723
1016,0.38035582502683,0.7922438383102417,b,b,0.4118880132834117
1017,0.6254189809163412,0.7939905325571696,b,b,0.16857155164082838
1018,0.5808709859848022,0.7003575960795084,b,b,0.11948661009470618
1019,0.7376571496327718,0.5643770893414816,a,a,0.17328006029129028
1020,0.6078009804089864,0.7920342286427816,b,b,0.18423324823379517
1021,0.6366416613260905,0.7577174504597982,b,b,0.12107578913370776
1022,0.8621486028035482,0.5416791836420695,a,a,0.32046941916147875
1023,0.8021878401438395,0.7319133281707764,a,a,0.07027451197306311
1024,0.5860867102940878,0.7452206611633301,b,b,0.1591339508692423
1025,0.7433237234751383,0.4988757371902466,a,a,0.24444798628489173
1026,0.8040653069814047,0.5363532900810242,a,a,0.2677120169003805
1027,0.6799298127492269,0.6816804011662801,b,b,0.0017505884170532227
1028,0.7857959667841593,0.5577098528544108,a,a,0.22808611392974854
1029,0.8157088756561279,0.5341043869654337,a,a,0.2816044886906942
1030,0.7091339031855265,0.6394448677698771,a,a,0.06968903541564941
1031,0.5630495746930441,0.8095132112503052,b,b,0.2464636365572611
1032,0.5316466490427653,0.6900277535120646,b,b,0.15838110446929932
1033,0.6859486103057861,0.8489389816919962,b,b,0.1629903713862101
1034,0.6338263948758444,0.7430125077565511,b,b,0.10918611288070679
1035,0.6294304529825846,0.6912897825241089,b,b,0.06185932954152429
1036,0.8833208878835043,0.7923031648000082,a,a,0.0910177230834961
1037,0.6651882727940878,0.7027032772699991,b,b,0.037515004475911384
1038,0.6499348878860474,0.7523607412974039,b,b,0.10242585341135657
1039,0.8608023325602213,0.5245029330253601,a,a,0.3362993995348612
1040,0.500927189985911,0.5968329111735026,b,b,0.09590572118759155
1041,0.5919422308603922,0.8729120492935181,b,b,0.28096981843312585
1042,0.5887335737546285,0.7887881596883138,b,b,0.2000545859336853
1043,0.6645394961039225,0.4851476550102234,a,a,0.1793918410936991
1044,0.4833228389422099,0.8010695377985636,b,b,0.3177466988563537
1045,0.6205474336942037,0.8016137282053629,b,b,0.1810662945111592
1046,0.822899063428243,0.5179214278856913,a,a,0.30497763554255175
1047,0.5789320468902588,0.4730803966522217,a,a,0.10585165023803711
1048,0.8014895518620809,0.595434308052063,a,a,0.20605524381001794
1049,0.4793124198913574,0.8475666046142578,b,b,0.3682541847229004
1050,0.540237824122111,0.8211921056111654,b,b,0.28095428148905444
1051,0.906299352645874,0.6334871451059977,a,a,0.27281220753987634
1052,0.6154013872146606,0.42482678095499676,a,a,0.19057460625966388
1053,0.5832619468371073,0.7315631707509359,b,b,0.1483012239138286
1054,0.6802544991175333,0.6134941577911377,a,a,0.06676034132639563
1055,0.7749749819437662,0.590599775314331,a,a,0.18437520662943518
1056,0.5379668474197388,0.7897277673085531,b,b,0.2517609198888143
1057,0.5527971386909485,0.7284629742304484,b,b,0.17566583553949988
1058,0.5153233210245768,0.7823854684829712,b,b,0.2670621474583944
1059,0.630135158697764,0.8057490984598795,b,b,0.17561393976211548
1060,0.6558880805969238,0.7873400449752808,b,b,0.13145196437835693
1061,0.707289457321167,0.5841965675354004,a,a,0.1230928897857666
1062,0.6818610032399496,0.6013761361440023,a,a,0.08048486709594727
1063,0.5279573202133179,0.5493215123812357,b,b,0.02136419216791785
1064,0.8867069085439047,0.49604181448618573,a,a,0.39066509405771893
1065,0.7046788930892944,0.605119506518046,a,a,0.09955938657124841
1066,0.8397306601206461,0.6750096480051676,a,a,0.16472101211547852
1067,0.8327904542287191,0.7084338267644247,a,a,0.12435662746429443
1068,0.7655230363210043,0.6587523221969604,a,a,0.10677071412404382
1069,0.6901624202728271,0.5098287661870321,a,a,0.18033365408579505
1070,0.6911900043487549,0.5084426800409952,a,a,0.18274732430775964
1071,0.8228971163431803,0.7071952819824219,a,a,0.11570183436075843
1072,0.7037507692972819,0.5859599709510803,a,a,0.11779079834620154
1073,0.6162065267562866,0.721296469370524,b,b,0.10508994261423743
1074,0.6668554941813151,0.6192270517349243,a,a,0.04762844244639075
1075,0.6102767388025919,0.4900384147961934,a,a,0.1202383240063985
1076,0.7093736330668131,0.4943576355775197,a,a,0.2150159974892934
1077,0.7553504308064779,0.5940656661987305,a,a,0.16128476460774743
1078,0.5306449731191,0.6359594464302063,b,b,0.10531447331110633
1079,0.8060420354207357,0.6017341216405233,a,a,0.2043079137802124
1080,0.6965218385060629,0.5993606448173523,a,a,0.09716119368871057
1081,0.5697178443272909,0.6777969598770142,b,b,0.10807911554972327
1082,0.7818622589111328,0.5373921791712443,a,a,0.24447007973988855
1083,0.6292201081911722,0.7753536303838094,b,b,0.1461335221926372
1084,0.5889511903127035,0.895669182141622,b,b,0.30671799182891846
1085,0.5785301129023234,0.7478282451629639,b,b,0.1692981322606405
1086,0.7518038352330526,0.5481420358022054,a,a,0.20366179943084717
1087,0.6143071055412292,0.5863454739252726,a,a,0.02796163161595666
1088,0.5208741823832194,0.6940841277440389,b,b,0.17320994536081957
1089,0.47443974018096924,0.7504527568817139,b,b,0.27601301670074463
1090,0.7747757832209269,0.6015317837397257,a,a,0.17324399948120117
1091,0.5665762225786845,0.7993374665578207,b,b,0.23276124397913622
1092,0.540033241113027,0.6840711832046509,b,b,0.1440379420916239
1093,0.6880207061767578,0.5718891819318136,a,a,0.11613152424494422
1094,0.8196336030960083,0.6162048578262329,a,a,0.2034287452697754
1095,0.5786446730295817,0.7743130524953207,b,b,0.195668379465739
1096,0.7592245737711588,0.596254309018453,a,a,0.16297026475270582
1097,0.8792596658070883,0.45807334780693054,a,a,0.4211863180001577
1098,0.6604592402776083,0.45427654186884564,a,a,0.20618269840876263
1099,0.7869939009348551,0.5693425337473551,a,a,0.2176513671875
1100,0.5176944931348165,0.6773992776870728,b,b,0.15970478455225623
1101,0.6253641049067179,0.7655508915583292,b,b,0.14018678665161133
1102,0.6036356290181478,0.6856970389684042,b,b,0.08206140995025635
1103,0.5458207130432129,0.723241408665975,b,b,0.17742069562276208
1104,0.702745278676351,0.6547707915306091,a,a,0.04797448714574182
1105,0.7659112612406412,0.6030414700508118,a,a,0.16286979118982947
1106,0.9856504201889038,0.798981785774231,a,a,0.18666863441467285
1107,0.6555465857187907,0.5462662180264791,a,a,0.10928036769231153
1108,0.5966129302978516,0.7779023249944051,b,b,0.18128939469655359
1109,0.5956806937853495,0.8386454184850057,b,b,0.24296472469965624
1110,0.7028481960296631,0.5562921762466431,a,a,0.14655601978302002
1111,0.6068335771560669,0.6078212857246399,b,b,0.000987708568572998
1112,0.457963764667511,0.6229010025660197,b,b,0.16493723789850867
1113,0.7300302584966024,0.522988518079122,a,a,0.20704174041748047
1114,0.6741693814595541,0.584434707959493,a,a,0.08973467350006104
1115,0.610240658124288,0.7474253177642822,b,b,0.13718465963999427
1116,0.6747251749038696,0.4518038034439087,a,a,0.22292137145996094
1117,0.49461416403452557,0.8076723416646322,b,b,0.3130581776301066
1118,0.7334071397781372,0.5411946773529053,a,a,0.19221246242523193
1119,0.7112957239151001,0.561391015847524,a,a,0.14990470806757605
1120,0.7765978972117106,0.6018896500269572,a,a,0.17470824718475342
1121,0.5864516894022623,0.8056283394495646,b,b,0.21917665004730225
1122,0.7246431509653727,0.6808822154998779,a,a,0.043760935465494755
1123,0.744299570719401,0.439679483572642,a,a,0.304620087146759
1124,0.8914685646692911,0.6385127703348795,a,a,0.2529557943344116
1125,0.6933538913726807,0.6553358634312948,a,a,0.03801802794138587
1126,0.4209286371866862,0.6381730834643046,b,b,0.21724444627761835
1127,0.5996909936269125,0.9083350896835327,b,b,0.30864409605662024
1128,0.5243278741836548,0.5976272424062093,b,b,0.07329936822255456
1129,0.5712996125221252,0.6992737849553426,b,b,0.1279741724332174
1130,0.8169304529825846,0.769808292388916,a,b,0.04712216059366858
1131,0.7675983905792236,0.5227897763252258,a,a,0.2448086142539978
1132,0.544320821762085,0.8593970934549967,b,b,0.31507627169291175
1133,0.7032807668050131,0.48350287477175397,a,a,0.2197778920332591
1134,0.5326522588729858,0.757922093073527,b,b,0.22526983420054114
1135,0.8088969389597574,0.6345723470052084,a,a,0.17432459195454908
1136,0.5817208488782247,0.7456440925598145,b,b,0.16392324368158973
1137,0.6744347413380941,0.7676558494567871,b,b,0.093221108118693
1138,0.8635075887044271,0.7189054489135742,a,a,0.1446021397908529
1139,0.7615905602773031,0.5608899792035421,a,a,0.200700581073761
1140,0.5111813147862753,0.5288901130358378,b,b,0.017708798249562507
1141,0.6682559649149576,0.48627734184265137,a,a,0.18197862307230628
1142,0.5060440301895142,0.6005252997080485,b,b,0.0944812695185343
1143,0.7831555207570394,0.6378255089124044,a,a,0.145330011844635
1144,0.5011235872904459,0.5687191486358643,b,b,0.06759556134541833
1145,0.8233305215835571,0.6037467320760092,a,a,0.21958378950754798
1146,0.7783756256103516,0.6788907051086426,a,a,0.09948492050170898
1147,0.5805576841036478,0.4616517623265584,a,a,0.11890592177708942
1148,0.6301139195760092,0.8489497502644857,b,b,0.21883583068847656
1149,0.6812382936477661,0.6251815557479858,a,a,0.05605673789978027
1150,0.5992475748062134,0.8130425214767456,b,b,0.21379494667053223
1151,0.584158460299174,0.5667361418406168,a,a,0.01742231845855713
1152,0.5495310028394064,0.7549692392349243,b,b,0.20543823639551795
1153,0.6916780471801758,0.6934514045715332,b,a,0.0017733573913574219
1154,0.656104306379954,0.7258278528849283,b,b,0.06972354650497437
1155,0.598762055238088,0.7193634907404581,b,b,0.12060143550237012
1156,0.7113610903422037,0.5637022852897644,a,a,0.14765880505243933
1157,0.8460267782211304,0.6807721853256226,a,a,0.1652545928955078
1158,0.8390816450119019,0.6677285035451254,a,a,0.1713531414667765
1159,0.6989163557688395,0.6607416470845541,a,a,0.03817470868428541
1160,0.712130626042684,0.7856400012969971,b,b,0.07350937525431311
1161,0.5952544609705607,0.7611462672551473,b,b,0.16589180628458666
1162,0.7306694984436035,0.8727394739786783,b,b,0.14206997553507483
1163,0.5161439379056295,0.7460397084554037,b,b,0.22989577054977417
1164,0.790113608042399,0.584282914797465,a,a,0.20583069324493408
1165,0.6785779794057211,0.6963393290837606,b,b,0.01776134967803955
1166,0.6602243582407633,0.5452491839726766,a,a,0.11497517426808668
1167,0.5986055533091227,0.8100841442743937,b,b,0.211478590965271
1168,0.518842895825704,0.6696927547454834,b,b,0.15084985891977942
1169,0.6328708132108053,0.7235459486643473,b,b,0.090675135453542
1170,0.8039762576421102,0.5340079665184021,a,a,0.2699682911237081
1171,0.5438416401545206,0.6828808387120565,b,b,0.13903919855753588
1172,0.764099915822347,0.49742332100868225,a,a,0.2666765948136648
1173,0.6051202615102133,0.7509493827819824,b,b,0.14582912127176917
1174,0.5559934377670288,0.6702318986256918,b,b,0.11423846085866296
1175,0.8952850103378296,0.648636261622111,a,a,0.24664874871571862
1176,0.5831899642944336,0.8052700360616049,b,b,0.22208007176717126
1177,0.7661803563435873,0.5062784353892008,a,a,0.25990192095438647
1178,0.6068632205327352,0.5212932229042053,a,a,0.0855699976285299
1179,0.7585000594456991,0.6630975008010864,a,a,0.09540255864461267
1180,0.7073270877202352,0.6541248162587484,a,a,0.053202271461486816
1181,0.6913549900054932,0.6189242402712504,a,a,0.0724307497342428
1182,0.6910711129506429,0.5806034406026205,a,a,0.11046767234802246
1183,0.8557854493459066,0.704735279083252,a,a,0.15105017026265466
1184,0.5932404200236002,0.6897594928741455,b,b,0.09651907285054528
1185,0.6308289170265198,0.7118889490763346,b,b,0.08106003204981482
1186,0.7272243499755859,0.6909116903940836,a,a,0.036312659581502316
1187,0.5601459940274557,0.7059122323989868,b,b,0.14576623837153113
1188,0.7472537755966187,0.5335130492846171,a,a,0.21374072631200158
1189,0.5639954408009847,0.658058742682139,b,b,0.0940633018811543
1190,0.6325449148813883,0.6249589920043945,a,a,0.007585922876993778
1191,0.7475974162419637,0.7857345342636108,b,b,0.0381371180216471
1192,0.6319895188013712,0.7906537850697836,b,b,0.15866426626841235
1193,0.4516557951768239,0.7413641611735026,b,b,0.28970836599667865
1194,0.7204992771148682,0.7854843934377035,b,b,0.06498511632283532
1195,0.8021053870519003,0.5356417496999105,a,a,0.26646363735198975
1196,0.7770106792449951,0.45327680309613544,a,a,0.3237338761488597
1197,0.5630653500556946,0.7458387215932211,b,b,0.18277337153752649
1198,0.8519761562347412,0.5902975797653198,a,a,0.2616785764694214
1199,0.7083370685577393,0.7081204255421957,a,b,0.00021664301554358278
1200,0.6041082143783569,0.8371349970499674,b,b,0.23302678267161048
1201,0.38994834820429486,0.650854210058848,b,b,0.26090586185455317
1202,0.6812502145767212,0.8713184595108032,b,b,0.19006824493408203
1203,0.7444079319636027,0.6582415898640951,a,a,0.08616634209950758
1204,0.7991509437561035,0.6876202424367269,a,a,0.11153070131937659
1205,0.4744567275047302,0.7429903348286947,b,b,0.2685336073239645
1206,0.6440749168395996,0.8308452765146891,b,b,0.18677035967508948
1207,0.585533082485199,0.6896190643310547,b,b,0.10408598184585571
1208,0.5810207525889078,0.7667005856831869,b,b,0.18567983309427905
1209,0.7438162167867025,0.6661016941070557,a,a,0.07771452267964685
1210,0.7835211356480917,0.5947407484054565,a,a,0.18878038724263513
1211,0.7869114875793457,0.5859460433324178,a,a,0.20096544424692786
1212,0.6723421414693197,0.5531740188598633,a,a,0.11916812260945642
1213,0.7806569735209147,0.6309046745300293,a,a,0.14975229899088538
1214,0.6392980416615804,0.7232313950856527,b,b,0.08393335342407227
1215,0.835708220799764,0.6115086674690247,a,a,0.22419955333073938
1216,0.645211935043335,0.7959598700205485,b,b,0.1507479349772135
1217,0.6649721066157023,0.4538769523302714,a,a,0.21109515428543085
1218,0.6056324243545532,0.8172439734141032,b,b,0.21161154905954993
1219,0.8110493024190267,0.6745810111363729,a,a,0.1364682912826538
1220,0.8042370080947876,0.5202197432518005,a,a,0.28401726484298706
1221,0.796043872833252,0.6782457033793131,a,a,0.11779816945393884
1222,0.7727100054423014,0.5203518867492676,a,a,0.2523581186930338
1223,0.7141532500584921,0.5407254695892334,a,a,0.17342778046925866
1224,0.5272594292958578,0.6852856874465942,b,b,0.15802625815073645
1225,0.6790831883748373,0.48134370644887287,a,a,0.1977394819259644
1226,0.4864493211110433,0.7082306146621704,b,b,0.22178129355112713
1227,0.6710528532663981,0.7855356534322103,b,b,0.11448280016581225
1228,0.8296324014663696,0.771430770556132,a,a,0.05820163091023767
1229,0.729112466176351,0.7616403897603353,b,b,0.032527923583984375
1230,0.6325655976931254,0.5483558773994446,a,a,0.08420972029368079
1231,0.5335813959439596,0.8055715560913086,b,b,0.271990160147349
1232,0.7621691226959229,0.7161629597345988,a,a,0.04600616296132409
1233,0.6487810810407003,0.78437606493632,b,b,0.13559498389561964
1234,0.7133441766103109,0.5742613673210144,a,a,0.1390828092892965
1235,0.661429226398468,0.7528402010599772,b,b,0.09141097466150916
1236,0.7184178034464518,0.5923190116882324,a,a,0.12609879175821936
1237,0.6858431498209635,0.5341322819391886,a,a,0.1517108678817749
1238,0.7564826011657715,0.656383196512858,a,a,0.10009940465291345
1239,0.672976016998291,0.764592170715332,b,b,0.09161615371704102
1240,0.7699651718139648,0.7398641109466553,a,a,0.03010106086730957
1241,0.5561099648475647,0.8299252589543661,b,b,0.2738152941068014
1242,0.7690985997517904,0.4988274872303009,a,a,0.2702711125214895
1243,0.5203272501627604,0.7321057319641113,b,b,0.21177848180135095
1244,0.5266026655832926,0.7095203002293905,b,b,0.1829176346460979
1245,0.8460261821746826,0.7057594458262125,a,a,0.1402667363484701
1246,0.8179930448532104,0.6678976615269979,a,a,0.15009538332621253
1247,0.7865449587504069,0.5574773550033569,a,a,0.22906760374704993
1248,0.5540199875831604,0.7349466482798258,b,b,0.1809266606966654
1249,0.7985839049021403,0.5628579258918762,a,a,0.23572597901026404
1250,0.6063195069630941,0.7293212413787842,b,b,0.12300173441569007
1251,0.6274345517158508,0.7096229394276937,b,b,0.08218838771184289
1252,0.5508601268132528,0.8503158092498779,b,b,0.2994556824366251
1253,0.62525341908137,0.7092730204264323,b,b,0.08401960134506226
1254,0.7730445067087809,0.6665531992912292,a,a,0.10649130741755164
1255,0.5186726848284403,0.7019413312276205,b,b,0.18326864639918017
1256,0.7444707552591959,0.8736905256907145,b,b,0.12921977043151855
1257,0.8446210225423177,0.5528255701065063,a,a,0.2917954524358114
1258,0.5129378040631613,0.6585949063301086,b,b,0.1456571022669474
1259,0.8004911740620931,0.5826518535614014,a,a,0.21783932050069177
1260,0.6230332056681315,0.4804420868555705,a,a,0.14259111881256098
1261,0.7216236193974813,0.5290700991948446,a,a,0.19255352020263672
1262,0.6033014456431071,0.7555027008056641,b,b,0.152201255162557
1263,0.8224738041559855,0.6065447529157003,a,a,0.21592905124028516
1264,0.7269896666208903,0.4869936505953471,a,a,0.23999601602554316
1265,0.7779268821080526,0.6186116536458334,a,a,0.15931522846221924
1266,0.6830136775970459,0.5492636760075887,a,a,0.13375000158945716
1267,0.6226611534754435,0.656191865603129,b,b,0.03353071212768555
1268,0.6527275045712789,0.38628973066806793,a,a,0.266437773903211
1269,0.7808210055033366,0.6227467656135559,a,a,0.15807423988978064
1270,0.7364145914713541,0.6555577715237936,a,a,0.08085681994756055
1271,0.7406365474065145,0.6843477487564087,a,a,0.05628879865010583
1272,0.6961270570755005,0.5156147281328837,a,a,0.18051232894261682
1273,0.7644972403844198,0.7325301965077718,a,a,0.03196704387664795
1274,0.7869805494944254,0.5542085965474447,a,a,0.23277195294698072
1275,0.6818802356719971,0.7914915482203165,b,b,0.10961131254831946
1276,0.6530535618464152,0.5954644282658895,a,a,0.05758913358052564
1277,0.5912977059682211,0.7249844074249268,b,b,0.1336867014567057
1278,0.8950049877166748,0.7354738712310791,a,a,0.1595311164855957
1279,0.6227492491404215,0.6014971335728964,a,a,0.021252115567525154
1280,0.762292226155599,0.5407272974650065,a,a,0.22156492869059252
1281,0.7561302979787191,0.6363972624142965,a,a,0.11973303556442261
1282,0.7468120257059733,0.48283104101816815,a,a,0.2639809846878051
1283,0.8238873481750488,0.5676916440327963,a,a,0.25619570414225257
1284,0.6640688379605612,0.48582998911539715,a,a,0.178238848845164
1285,0.693187395731608,0.5909077723821005,a,a,0.10227962334950758
1286,0.58968452612559,0.7908423741658529,b,b,0.20115784804026293
1287,0.629315714041392,0.7839689254760742,b,b,0.15465321143468225
1288,0.8094199498494467,0.7265145778656006,a,a,0.08290537198384607
1289,0.6088806589444479,0.8502353429794312,b,b,0.24135468403498328
1290,0.6427404284477234,0.5371906161308289,a,a,0.10554981231689453
1291,0.726846178372701,0.5592821836471558,a,a,0.16756399472554528
1292,0.7006456851959229,0.7953375180562338,b,b,0.09469183286031091
1293,0.6607187589009603,0.43090783556302387,a,a,0.22981092333793646
1294,0.7238011757532755,0.8171102205912272,b,b,0.09330904483795166
1295,0.5871316989262899,0.5570179224014282,a,a,0.03011377652486169
1296,0.6178996761639913,0.7438793182373047,b,b,0.12597964207331336
1297,0.6446033716201782,0.7470521132151285,b,b,0.10244874159495032
1298,0.5644353628158569,0.7641153335571289,b,b,0.19967997074127197
1299,0.8075928290685018,0.6852334340413412,a,a,0.12235939502716064
1300,0.5828391710917155,0.7552579641342163,b,b,0.17241879304250085
1301,0.6067923307418823,0.7391697565714518,b,b,0.13237742582956946
1302,0.6105682452519735,0.6700177192687988,b,b,0.05944947401682532
1303,0.5899185736974081,0.6885254780451456,b,b,0.09860690434773756
1304,0.6495624383290609,0.728775143623352,b,a,0.07921270529429114
1305,0.6231493155161539,0.8291826645533243,b,b,0.2060333490371704
1306,0.7548491160074869,0.7331584692001343,a,a,0.021690646807352665
1307,0.8166515827178955,0.6171803871790568,a,a,0.19947119553883874
1308,0.5273640950520834,0.8716762463251749,b,b,0.34431215127309156
1309,0.6842981179555258,0.6261818806330363,a,a,0.058116237322489495
1310,0.9072034358978271,0.5857544740041097,a,a,0.3214489618937174
1311,0.6000262101491293,0.6693632205327352,b,b,0.06933701038360596
1312,0.6099503835042318,0.6360487143198649,b,b,0.026098330815633064
1313,0.7569284836451212,0.6319384773572286,a,a,0.12499000628789259
1314,0.5804573893547058,0.8857293923695883,b,b,0.30527200301488244
1315,0.5913916826248169,0.8231884638468424,b,b,0.23179678122202552
1316,0.6420454382896423,0.7413399616877238,b,b,0.09929452339808142
1317,0.8354187806447347,0.6098162333170573,a,a,0.22560254732767748
1318,0.6292888720830282,0.5821405251820883,a,a,0.04714834690093994
1319,0.6259343028068542,0.7494017283121744,b,b,0.1234674255053202
1320,0.829517682393392,0.6141355633735657,a,a,0.2153821190198263
1321,0.806448221206665,0.684492826461792,a,a,0.12195539474487305
1322,0.6335930029551188,0.7824891408284506,b,b,0.14889613787333178
1323,0.7469331423441569,0.5666075547536215,a,a,0.1803255875905354
1324,0.9153122107187907,0.7335817416508993,a,a,0.18173046906789136
1325,0.7665528853734335,0.5835540294647217,a,a,0.1829988559087118
1326,0.514161209265391,0.7288932005564371,b,b,0.21473199129104614
1327,0.6568708022435507,0.5539297064145406,a,a,0.10294109582901001
1328,0.9093461036682129,0.7484984397888184,a,a,0.16084766387939453
1329,0.6328446467717489,0.7019135554631551,b,b,0.06906890869140625
1330,0.7809361616770426,0.5457600553830465,a,a,0.2351761062939961
1331,0.784347136815389,0.49577120939890545,a,a,0.2885759274164836
1332,0.8314030965169271,0.5642183224360148,a,a,0.26718477408091235
1333,0.6850883960723877,0.7456325689951578,b,a,0.060544172922770145
1334,0.9898362557093302,0.5714934865633646,a,a,0.4183427691459656
1335,0.7262771129608154,0.5245748162269592,a,a,0.2017022967338562
1336,0.7117350498835245,0.6386091311772665,a,a,0.07312591870625806
1337,0.6622123320897421,0.7593150536219279,b,b,0.0971027215321858
1338,0.6751012007395426,0.5570293267567953,a,a,0.11807187398274732
1339,0.8530128796895345,0.6762170791625977,a,a,0.17679580052693689
1340,0.6814118226369222,0.8820314009984335,b,b,0.20061957836151123
1341,0.6077915032704672,0.7170795599619547,b,b,0.10928805669148756
1342,0.6252731680870056,0.7152414321899414,b,b,0.08996826410293579
1343,0.6942399342854818,0.40723827481269836,a,a,0.28700165947278344
1344,0.5672064423561096,0.7589436372121176,b,b,0.19173719485600793
1345,0.6888701518376669,0.6610488096872965,a,a,0.027821342150370354
1346,0.8583906491597494,0.6227627595265707,a,a,0.2356278896331787
1347,0.6519606113433838,0.8781200249989828,b,b,0.226159413655599
1348,0.8005521297454834,0.5871125857035319,a,a,0.21343954404195153
1349,0.6418142517407736,0.6658434867858887,b,b,0.024029235045115116
1350,0.9019169012705485,0.6111346880594889,a,a,0.29078221321105957
1351,0.49057628711064655,0.7186474800109863,b,b,0.22807119290033978
1352,0.7725037733713785,0.6112362543741862,a,a,0.16126751899719238
1353,0.12094750379522641,0.27446793889005977,b,b,0.15352043509483337
1354,0.5539242029190063,0.7127976417541504,b,b,0.15887343883514404
1355,0.46823517481486004,0.6606731017430624,b,b,0.19243792692820233
1356,0.7292429208755493,0.5086294412612915,a,a,0.2206134796142578
1357,0.831725279490153,0.6167047619819641,a,a,0.21502051750818885
1358,0.6732778549194336,0.5312782327334086,a,a,0.14199962218602502
1359,0.7955914338429769,0.68447212378184,a,a,0.11111931006113696
1360,0.6689154307047526,0.5295501550038656,a,a,0.13936527570088697
1361,0.6911333401997884,0.8183015982309977,b,b,0.12716825803120924
1362,0.584497332572937,0.90420929590861,b,b,0.319711963335673
1363,0.6319952011108398,0.772923469543457,b,b,0.1409282684326172
1364,0.5401419003804525,0.6901156902313232,b,b,0.14997378985087073
1365,0.7828147013982137,0.5925843516985575,a,a,0.19023034969965624
1366,0.4866047700246175,0.7932906150817871,b,b,0.3066858450571696
1367,0.7281020482381185,0.46571741501490277,a,a,0.26238463322321576
1368,0.7407168547312418,0.5107042590777079,a,a,0.23001259565353394
1369,0.6783324082692465,0.8018890221913656,b,b,0.12355661392211914
1370,0.5336985190709432,0.757622758547465,b,b,0.22392423947652174
1371,0.6982138156890869,0.6329261859258016,a,a,0.06528762976328528
1372,0.5939690868059794,0.6726689338684082,b,b,0.07869984706242883
1373,0.5348000526428223,0.668099840482076,b,b,0.13329978783925378
1374,0.4597559968630473,0.7825748920440674,b,b,0.3228188951810201
1375,0.5971445639928182,0.8657593727111816,b,b,0.2686148087183634
1376,0.6842748324076334,0.4335315525531769,a,a,0.25074327985445655
1377,0.5795566638310751,0.7247507572174072,b,b,0.14519409338633216
1378,0.8161892096201578,0.7191196282704672,a,a,0.09706958134969068
1379,0.7219395637512207,0.5929944515228271,a,a,0.12894511222839355
1380,0.5430647134780884,0.7702995936075846,b,b,0.22723488012949622
1381,0.7814100583394369,0.6260512272516886,a,a,0.15535883108774828
1382,0.6014370322227478,0.6413542032241821,b,b,0.039917171001434326
1383,0.4704581598440806,0.7405390739440918,b,b,0.27008091410001117
1384,0.7525226275126139,0.6244965394337972,a,a,0.12802608807881666
1385,0.6202627619107565,0.8894734382629395,b,b,0.269210676352183
1386,0.7503304878870646,0.5918058554331461,a,a,0.15852463245391846
1387,0.4607448975245158,0.6989731391270956,b,b,0.23822824160257977
1388,0.6310597658157349,0.7855202356974283,b,b,0.15446046988169349
1389,0.543136477470398,0.8555463949839274,b,b,0.3124099175135294
1390,0.7120744387308756,0.34898611282308895,a,a,0.36308832590778667
1391,0.4636898636817932,0.6719458897908529,b,b,0.2082560261090597
1392,0.718571662902832,0.6224329868952433,a,a,0.09613867600758874
1393,0.6224997838338217,0.5770927468935648,a,a,0.04540703694025683
1394,0.7543649673461914,0.5680926640828451,a,a,0.18627230326334632
1395,0.5305726329485575,0.7459283669789633,b,b,0.21535573403040575
1396,0.5044455528259277,0.732133150100708,b,b,0.22768759727478027
1397,0.7936577002207438,0.7210257450739542,a,a,0.07263195514678955
1398,0.8193576335906982,0.9572607278823853,b,b,0.137903094291687
1399,0.7418054739634196,0.558234969774882,a,a,0.1835705041885376
1400,0.7751596371332804,0.6176531116167704,a,a,0.15750652551651
1401,0.6719000339508057,0.5100933313369751,a,a,0.16180670261383057
1402,0.7111250162124634,0.5651871760686239,a,a,0.14593784014383948
1403,0.5944043596585592,0.7087610562642416,b,b,0.11435669660568237
1404,0.6511637568473816,0.9034130573272705,b,b,0.2522493004798889
1405,0.6635159452756246,0.7676305770874023,b,b,0.10411463181177771
1406,0.8155485788981119,0.7802985906600952,a,a,0.03524998823801673
1407,0.6487540006637573,0.5898972948392233,a,a,0.05885670582453406
1408,0.6094045639038086,0.7853610515594482,b,b,0.17595648765563965
1409,0.5547421177228292,0.8811146020889282,b,b,0.326372484366099
1410,0.5472778876622518,0.8335209687550863,b,b,0.2862430810928345
1411,0.8300898869832357,0.5725701252619425,a,a,0.2575197617212932
1412,0.4437515338261922,0.7282334963480631,b,b,0.2844819625218709
1413,0.766875425974528,0.6140722433725992,a,a,0.1528031826019287
1414,0.7444342772165934,0.632964034875234,a,a,0.11147024234135938
1415,0.7291843096415201,0.7021910349527994,a,b,0.026993274688720703
1416,0.6285097599029541,0.4781843920548757,a,a,0.15032536784807843
1417,0.6217253804206848,0.6196473042170206,a,b,0.002078076203664181
1418,0.78751540184021,0.6283763647079468,a,a,0.15913903713226318
1419,0.7475308577219645,0.5863258242607117,a,a,0.1612050334612528
1420,0.7951967318852743,0.5529647270838419,a,a,0.24223200480143237
1421,0.8480114539464315,0.5141524871190389,a,a,0.3338589668273926
1422,0.5529155333836874,0.698054035504659,b,b,0.14513850212097168
1423,0.7729936440785726,0.5467155973116556,a,a,0.22627804676691698
1424,0.6963802973429362,0.5284313360850016,a,a,0.16794896125793457
1425,0.5315936009089152,0.830980141957601,b,b,0.2993865410486858
1426,0.6141085227330526,0.7093468507130941,b,b,0.0952383279800415
1427,0.7221492926279703,0.6091725627581278,a,a,0.11297672986984253
1428,0.8502111037572225,0.5534067153930664,a,a,0.2968043883641561
1429,0.8818360964457194,0.5557654897371928,a,a,0.3260706067085266
1430,0.7656246821085612,0.608292281627655,a,a,0.15733240048090613
1431,0.6714864571889242,0.6008188724517822,a,a,0.07066758473714196
1432,0.5304503639539083,0.7587835788726807,b,b,0.22833321491877234
1433,0.5235142310460409,0.7937711079915365,b,b,0.2702568769454956
1434,0.704737663269043,0.5764522155125936,a,a,0.12828544775644934
1435,0.7948776086171468,0.49681681394577026,a,a,0.2980607946713766
1436,0.8543969790140787,0.6828895409901937,a,a,0.17150743802388502
1437,0.7957104047139486,0.5994262297948202,a,a,0.19628417491912842
1438,0.5543512105941772,0.807701826095581,b,b,0.2533506155014038
1439,0.6540819406509399,0.7581495443979899,b,b,0.10406760374704993
1440,0.522040843963623,0.8179330031077067,b,b,0.2958921591440836
1441,0.7957676649093628,0.5058834354082743,a,a,0.2898842295010885
1442,0.6891746520996094,0.5105228026707967,a,a,0.17865184942881263
1443,0.5530140598615011,0.6503296693166097,b,b,0.09731560945510864
1444,0.7313096125920614,0.5319866339365641,a,a,0.1993229786554973
1445,0.5537060896555582,0.7066994508107504,b,b,0.15299336115519213
1446,0.5611283183097839,0.7543389399846395,b,b,0.1932106216748556
1447,0.6208971738815308,0.7455820242563883,b,b,0.12468485037485755
1448,0.540736734867096,0.6975624163945516,b,b,0.15682568152745568
1449,0.6792174180348715,0.5223775506019592,a,a,0.15683986743291223
1450,0.7397851943969727,0.5112140576044718,a,a,0.22857113679250085
1451,0.5441108544667562,0.6993736028671265,b,b,0.15526274840037024
1452,0.720444122950236,0.5900422930717468,a,a,0.13040182987848914
1453,0.7962501049041748,0.5821629365285238,a,a,0.214087168375651
1454,0.4759618639945984,0.8451747496922811,b,b,0.36921288569768274
1455,0.5477277437845866,0.7236918210983276,b,b,0.17596407731374109
1456,0.6363524993260702,0.5000593860944113,a,a,0.13629311323165894
1457,0.6027475595474243,0.7035313049952189,b,b,0.10078374544779456
1458,0.5146639148394266,0.7588121096293131,b,b,0.24414819478988647
1459,0.5781290928522745,0.6100631554921468,b,b,0.03193406263987231
1460,0.718585729598999,0.5670549074808756,a,a,0.1515308221181234
1461,0.6306573748588562,0.4915077785650889,a,a,0.13914959629376727
1462,0.7458764712015787,0.631574273109436,a,a,0.1143021980921427
1463,0.7460823456446329,0.5637977917989095,a,a,0.1822845538457234
1464,0.5895423889160156,0.7463225523630778,b,b,0.15678016344706214
1465,0.7967796325683594,0.6325854460398356,a,a,0.1641941865285238
1466,0.7451969782511393,0.564922571182251,a,a,0.1802744070688883
1467,0.6165140867233276,0.8038757642110189,b,b,0.18736167748769128
1468,0.799074649810791,0.5666373173395792,a,a,0.2324373324712118
1469,0.6111595233281454,0.7940846681594849,b,b,0.18292514483133948
1470,0.5877165794372559,0.6178257067998251,b,b,0.03010912736256921
1471,0.4888754387696584,0.628740926583608,b,b,0.13986548781394964
1472,0.652772585550944,0.5620036125183105,a,a,0.09076897303263343
1473,0.5832633972167969,0.7461440563201904,b,b,0.16288065910339355
1474,0.7455157041549683,0.778350830078125,b,b,0.03283512592315674
1475,0.8188236157099406,0.6619338989257812,a,a,0.1568897167841593
1476,0.6328643361727396,0.5568293730417887,a,a,0.07603496313095093
1477,0.72520645459493,0.494958758354187,a,a,0.23024769624074304
1478,0.8342862129211426,0.5313827196756998,a,a,0.30290349324544275
1479,0.5881734689076742,0.6988920370737711,b,b,0.11071856816609693
1480,0.5326235095659891,0.6547929445902506,b,b,0.12216943502426147
1481,0.49693435430526733,0.7502028147379557,b,b,0.25326846043268836
1482,0.6063354810078939,0.6806302467981974,b,b,0.07429476579030347
1483,0.7587423324584961,0.6165763934453329,a,a,0.1421659390131632
1484,0.6466759840647379,0.8583218256632487,b,b,0.21164584159851074
1485,0.72525954246521,0.4799850980440776,a,a,0.2452744444211324
1486,0.5349236726760864,0.7877072890599569,b,b,0.2527836163838705
1487,0.8458346525828043,0.6035546859105428,a,a,0.24227996667226148
1488,0.7407451868057251,0.8215864102045695,b,b,0.08084122339884436
1489,0.6349144379297892,0.8183145920435587,b,b,0.18340015411376953
1490,0.6728641986846924,0.6432593067487081,a,b,0.029604891935984257
1491,0.895929217338562,0.7177930672963461,a,a,0.17813615004221595
1492,0.6697861353556315,0.6515682140986124,a,a,0.018217921257019043
1493,0.4571695526440938,0.7350306113560995,b,b,0.27786105871200567
1494,0.6892247200012207,0.9626054366429647,b,b,0.273380716641744
1495,0.675790548324585,0.5415008664131165,a,a,0.1342896819114685
1496,0.6421131491661072,0.7864880561828613,b,b,0.14437490701675415
1497,0.6995500326156616,0.6395594676335653,a,a,0.05999056498209632
1498,0.5905502438545227,0.7758285999298096,b,b,0.18527835607528687
1499,0.7487667004267374,0.5408057570457458,a,a,0.20796094338099158
1500,0.6677730083465576,0.7137195666631063,b,b,0.0459465583165487
1501,0.5839696923891703,0.6906390190124512,b,b,0.10666932662328088
1502,0.5986804564793905,0.6805838743845621,b,b,0.08190341790517164
1503,0.6648594935735067,0.5122149189313253,a,a,0.1526445746421814
1504,0.6130940318107605,0.5692819754282633,a,a,0.04381205638249719
1505,0.6736343701680502,0.8088582356770834,b,b,0.1352238655090332
1506,0.7042051156361898,0.7770516077677408,b,b,0.07284649213155103
1507,0.6799575487772623,0.7218605677286783,b,a,0.041903018951416016
1508,0.6469333171844482,0.7543090184529623,b,b,0.10737570126851403
1509,0.7647913694381714,0.6320698261260986,a,a,0.13272154331207275
1510,0.594886581103007,0.7489466667175293,b,b,0.15406008561452234
1511,0.6670486132303873,0.463893194993337,a,a,0.20315541823705036
1512,0.7081426382064819,0.43520042300224304,a,a,0.2729422152042389
1513,0.6012204090754191,0.8163413206736246,b,b,0.21512091159820557
1514,0.6643476486206055,0.6984283924102783,b,b,0.03408074378967285
1515,0.629543681939443,0.8405263423919678,b,b,0.21098266045252478
1516,0.7394288380940756,0.6892302831013998,a,a,0.05019855499267578
1517,0.7928971846898397,0.6496365467707316,a,a,0.14326063791910815
1518,0.46229345599810284,0.6665213902791342,b,b,0.2042279342810313
1519,0.6455472707748413,0.7012314796447754,b,b,0.05568420886993408
1520,0.5013341705004374,0.6301648219426473,b,b,0.12883065144220995
1521,0.762064536412557,0.6182864904403687,a,a,0.14377804597218835
1522,0.5598140954971313,0.7406623760859171,b,b,0.18084828058878577
1523,0.6877044041951498,0.5630210439364115,a,a,0.12468336025873827
1524,0.5013947089513143,0.6767950852711996,b,b,0.17540037631988525
1525,0.5675276517868042,0.835360050201416,b,b,0.2678323984146118
1526,0.8114908536275228,0.5983858505884806,a,a,0.21310500303904223
1527,0.3777124335368474,0.7006255785624186,b,b,0.32291314502557117
1528,0.7075727780659994,0.6677852471669515,a,a,0.03978753089904785
1529,0.6419878800710043,0.49580727020899457,a,a,0.1461806098620097
1530,0.6188703775405884,0.4202224612236023,a,a,0.19864791631698608
1531,0.5437787373860677,0.6252039869626363,b,b,0.0814252495765686
1532,0.8204652468363444,0.47362945477167767,a,a,0.3468357920646667
1533,0.543862541516622,0.7944604555765787,b,b,0.2505979140599568
1534,0.726959745089213,0.5283409357070923,a,a,0.19861880938212073
1535,0.7299984296162924,0.5196048418680826,a,a,0.2103935877482097
1536,0.6204060117403666,0.8028612931569418,b,b,0.1824552814165752
1537,0.9202167987823486,0.5184548695882162,a,a,0.40176192919413245
1538,0.6487892866134644,0.6351100007692972,a,a,0.01367928584416711
1539,0.5222940047581991,0.8487271467844645,b,b,0.3264331420262654
1540,0.6301257212956747,0.6351772546768188,b,b,0.005051533381144169
1541,0.719216783841451,0.6248228351275126,a,a,0.09439394871393847
1542,0.774104913075765,0.5622815291086832,a,a,0.21182338396708178
1543,0.5951512058575948,0.7801321744918823,b,b,0.18498096863428748
1544,0.7258477210998535,0.6167558828989664,a,a,0.10909183820088708
1545,0.7102616628011068,0.5407667557398478,a,a,0.16949490706125903
1546,0.6493271589279175,0.5983919699986776,a,b,0.05093518892923987
1547,0.7616925239562988,0.5575239260991415,a,a,0.20416859785715735
1548,0.7337224086125692,0.4958829681078593,a,a,0.2378394405047099
1549,0.6974209944407145,0.5272838473320007,a,a,0.17013714710871375
1550,0.559683640797933,0.8846119244893392,b,b,0.32492828369140625
1551,0.5387919743855795,0.8104578653971354,b,b,0.2716658910115559
1552,0.5930247108141581,0.7013947168986002,b,b,0.10837000608444214
1553,0.7402858734130859,0.46211057901382446,a,a,0.2781752943992615
1554,0.6517431139945984,0.8125139872233073,b,b,0.16077087322870887
1555,0.5401665767033895,0.7479613622029623,b,b,0.20779478549957275
1556,0.8261585235595703,0.5184113184611002,a,a,0.3077472050984701
1557,0.5205103754997253,0.6778962214787801,b,b,0.1573858459790548
1558,0.3607144206762314,0.8612367709477743,b,b,0.5005223502715429
1559,0.7736289501190186,0.461575984954834,a,a,0.31205296516418457
1560,0.5287213325500488,0.8324188391367594,b,b,0.3036975065867106
1561,0.7211793263753256,0.6095704833666483,a,a,0.11160884300867724
1562,0.7473343213399252,0.6475963592529297,a,a,0.09973796208699548
1563,0.7730583349863688,0.5779021183649699,a,a,0.19515621662139893
1564,0.7846786181131998,0.5830809672673544,a,a,0.20159765084584547
1565,0.6562870343526205,0.7442879676818848,b,b,0.08800093332926429
1566,0.6085920731226603,0.791271448135376,b,b,0.1826793750127157
1567,0.6416958570480347,0.6330341498057047,a,a,0.008661707242329952
1568,0.8482548395792643,0.6646016041437784,a,a,0.18365323543548584
1569,0.5699731508890787,0.6471008459726969,b,b,0.07712769508361816
1570,0.5244178573290507,0.827006975809733,b,b,0.3025891184806824
1571,0.620543897151947,0.5463306109110514,a,a,0.07421328624089563
1572,0.6458127895991007,0.584433933099111,a,a,0.06137885649998975
1573,0.6953785419464111,0.5702014962832133,a,a,0.12517704566319787
1574,0.5406694809595743,0.7677685419718424,b,b,0.22709906101226807
1575,0.7194557189941406,0.5920302470525106,a,a,0.12742547194163
1576,0.5117277105649313,0.7507025798161825,b,b,0.23897486925125122
1577,0.8670822779337565,0.6722565491994222,a,a,0.19482572873433424
1578,0.6940534909566244,0.4976692299048106,a,a,0.19638426105181378
1579,0.9041506052017212,0.6473254164059957,a,a,0.25682518879572547
1580,0.6921700636545817,0.5779422918955485,a,a,0.1142277717590332
1581,0.568090001742045,0.7172987858454386,b,b,0.14920878410339355
1582,0.5194008549054464,0.7300265630086263,b,b,0.21062570810317993
1583,0.9152118364969889,0.5357206662495931,a,a,0.37949117024739576
1584,0.8080154657363892,0.669816811879476,a,a,0.1381986538569132
1585,0.499908705552419,0.7264053821563721,b,b,0.22649667660395306
1586,0.42748451232910156,0.7652303377787272,b,b,0.3377458254496256
1587,0.7525115807851156,0.7305089235305786,a,a,0.022002657254536984
1588,0.6792256832122803,0.5111232002576193,a,a,0.16810248295466101
1589,0.5402910709381104,0.6054861148198446,b,b,0.06519504388173425
1590,0.7817333539326986,0.675804058710734,a,a,0.10592929522196459
1591,0.6696755886077881,0.5574835737546285,a,a,0.11219201485315955
1592,0.5427321990331014,0.9161226749420166,b,b,0.37339047590891516
1593,0.6361000537872314,0.4714001417160034,a,a,0.16469991207122803
1594,0.5953267812728882,0.7687882582346598,b,b,0.1734614769617716
1595,0.7647280295689901,0.6051674087842306,a,a,0.15956062078475952
1596,0.5843534270922343,0.6575470368067423,b,b,0.07319360971450806
1597,0.5738417307535807,0.7027044296264648,b,b,0.12886269887288415
1598,0.6784641742706299,0.6777558326721191,a,b,0.0007083415985107422
1599,0.7218668460845947,0.570700446764628,a,a,0.15116639931996667
1600,0.597308337688446,0.7742191950480143,b,b,0.17691085735956824
1601,0.582689086596171,0.6835018396377563,b,b,0.10081275304158532
1602,0.5976305802663168,0.7199680407842001,b,b,0.1223374605178833
1603,0.8223903576532999,0.6297434568405151,a,a,0.1926469008127848
1604,0.5600123405456543,0.59769739707311,b,b,0.037685056527455685
1605,0.6848056316375732,0.5857932964960734,a,a,0.09901233514149987
1606,0.6083057324091593,0.7529124021530151,b,b,0.14460666974385583
1607,0.3957897226015727,0.6175543069839478,b,b,0.22176458438237506
1608,0.7771089871724447,0.44990207751592,a,a,0.3272069096565247
1609,0.7933530807495117,0.5950533151626587,a,a,0.19829976558685303
1610,0.5554272333780924,0.7706113656361898,b,b,0.2151841322580974
1611,0.8380469878514608,0.546263853708903,a,a,0.29178313414255785
1612,0.7673606872558594,0.5136452515920004,a,a,0.253715435663859
1613,0.6958431800206503,0.4948653082052867,a,a,0.20097787181536358
1614,0.6759723027547201,0.4115897516409556,a,a,0.26438255111376446
1615,0.6321518421173096,0.7009502251942953,b,b,0.06879838307698571
1616,0.6694164673487345,0.8861842155456543,b,b,0.2167677481969198
1617,0.6140193144480387,0.547073483467102,a,a,0.06694583098093665
1618,0.7169161637624105,0.608341375986735,a,a,0.10857478777567553
1619,0.5170571605364481,0.6153626640637716,b,b,0.09830550352732348
1620,0.7500486771265665,0.6299518346786499,a,a,0.12009684244791663
1621,0.5741340319315592,0.8351972897847494,b,b,0.2610632578531902
1622,0.7612147331237793,0.5857836802800497,a,a,0.17543105284372962
1623,0.5677745938301086,0.46824635068575543,a,a,0.09952824314435321
1624,0.6551246245702108,0.8564868370691935,b,b,0.20136221249898267
1625,0.5308355291684469,0.5224717458089193,a,b,0.008363783359527588
1626,0.7921243111292521,0.6552465955416361,a,a,0.13687771558761597
1627,0.650885820388794,0.5770082275072733,a,a,0.07387759288152063
1628,0.7975767453511556,0.6611041227976481,a,a,0.13647262255350756
1629,0.6335040728251139,0.7753978570302328,b,b,0.1418937842051189
1630,0.5996385415395101,0.473668893178304,a,a,0.1259696483612061
1631,0.6498365799585978,0.9134696324666342,b,b,0.26363305250803637
1632,0.5967772006988525,0.7022535800933838,b,b,0.10547637939453125
1633,0.840845505396525,0.5938366452852885,a,a,0.24700886011123657
1634,0.6148285468419393,0.7078696489334106,b,b,0.09304110209147132
1635,0.82457168896993,0.6260552803675333,a,a,0.19851640860239672
1636,0.6617265542348226,0.5171357790629069,a,a,0.14459077517191576
1637,0.6434415380160013,0.3655013119180997,a,a,0.27794022609790164
1638,0.6122461954752604,0.7572325468063354,b,b,0.14498635133107507
1639,0.6843023300170898,0.5732652544975281,a,a,0.11103707551956177
1640,0.7294479608535767,0.5342377424240112,a,a,0.19521021842956543
1641,0.5935570200284322,0.6989693641662598,b,b,0.10541234413782752
1642,0.8222697575887045,0.6866215864817301,a,a,0.13564817110697436
1643,0.7042752901713053,0.5084010362625122,a,a,0.1958742539087931
1644,0.6861292918523153,0.5826026002566019,a,a,0.10352669159571337
1645,0.8815064430236816,0.660079836845398,a,a,0.2214266061782837
1646,0.6509627898534139,0.6730100313822428,b,b,0.022047241528828865
1647,0.8133758306503296,0.5657084385553995,a,a,0.24766739209493005
1648,0.6739742358525594,0.4666307767232259,a,a,0.20734345912933355
1649,0.6879550615946451,0.5527670780817667,a,a,0.13518798351287842
1650,0.5175135135650635,0.6460376977920532,b,b,0.12852418422698975
1651,0.5817955533663431,0.8094777266184489,b,b,0.2276821732521057
1652,0.5568992495536804,0.822611411412557,b,b,0.2657121618588766
1653,0.67231818040212,0.6082464257876078,a,a,0.0640717546145122
1654,0.5592968861262003,0.7210327386856079,b,b,0.1617358525594076
1655,0.7833273013432821,0.45136648416519165,a,a,0.33196081717809045
1656,0.5200351476669312,0.7937827110290527,b,b,0.2737475633621216
1657,0.5104551911354065,0.7688455184300741,b,b,0.2583903272946676
1658,0.8603237469991049,0.6828519900639852,a,a,0.17747175693511963
1659,0.7221924861272176,0.6530436674753824,a,a,0.0691488186518352
1660,0.7689960797627767,0.564385175704956,a,a,0.20461090405782068
1661,0.6177188952763876,0.8029983838399252,b,b,0.1852794885635376
1662,0.46619653701782227,0.7353305021921793,b,b,0.26913396517435706
1663,0.5573365688323975,0.6597131490707397,b,b,0.10237658023834229
1664,0.6907947063446045,0.8487791220347086,b,b,0.15798441569010413
1665,0.4598235289255778,0.8061123291651408,b,b,0.34628880023956293
1666,0.8247191111246744,0.6016773780186971,a,a,0.2230417331059773
1667,0.7442897160847982,0.5683149099349976,a,a,0.17597480614980066
1668,0.9348917007446289,0.6122381687164307,a,a,0.32265353202819824
1669,0.6391655604044596,0.6004047393798828,a,a,0.038760821024576786
1670,0.6483365495999655,0.7682960828145345,b,b,0.11995953321456909
1671,0.6095887025197347,0.8805311520894369,b,b,0.27094244956970215
1672,0.5896899700164795,0.7093239625295004,b,b,0.11963399251302087
1673,0.6339184045791626,0.8018587430318197,b,b,0.1679403384526571
1674,0.5792412757873535,0.7086708545684814,b,b,0.12942957878112793
1675,0.5682686567306519,0.8035465478897095,b,b,0.23527789115905762
1676,0.624609629313151,0.7732183933258057,b,b,0.14860876401265466
1677,0.5137506326039633,0.612893303235372,b,b,0.09914267063140869
1678,0.7034875551859537,0.8150496880213419,b,b,0.11156213283538818
1679,0.721710205078125,0.46970516443252563,a,a,0.25200504064559937
1680,0.7377107540766398,0.524518887201945,a,a,0.21319186687469482
1681,0.5475805997848511,0.6900259256362915,b,b,0.14244532585144043
1682,0.7503049770991007,0.5823961297671,a,a,0.16790884733200073
1683,0.4819626609484355,0.7423280080159506,b,b,0.2603653470675151
1684,0.6125069657961527,0.7555292050043741,b,b,0.14302223920822144
1685,0.5967115561167399,0.6708261171976725,b,b,0.07411456108093262
1686,0.7842884063720703,0.5883107582728068,a,a,0.19597764809926355
1687,0.7414844036102295,0.5731478730837504,a,a,0.16833653052647912
1688,0.677167812983195,0.47643184661865234,a,a,0.2007359663645426
1689,0.6025699973106384,0.5852131446202596,a,a,0.017356852690378788
1690,0.5893594821294149,0.7343179782231649,b,b,0.14495849609375
1691,0.5908074577649435,0.6604490677515665,b,b,0.06964160998662305
1692,0.7556142807006836,0.5078151623407999,a,a,0.24779911835988366
1693,0.5812819004058838,0.695885976155599,b,b,0.1146040757497152
1694,0.5029284556706747,0.7688177029291788,b,b,0.26588924725850416
1695,0.790963610013326,0.5585252046585083,a,a,0.23243840535481775
1696,0.4664241075515747,0.6986904144287109,b,b,0.23226630687713623
1697,0.7342220942179362,0.6813859542210897,a,a,0.05283613999684644
1698,0.7510047753651937,0.5801563064257304,a,a,0.17084846893946337
1699,0.6602440277735392,0.5064136584599813,a,a,0.15383036931355787
1700,0.45638469854990643,0.7575912078221639,b,b,0.3012065092722575
1701,0.5802390178044637,0.7737204233805338,b,b,0.19348140557607008
1702,0.5419544776280721,0.7177720864613851,b,b,0.175817608833313
1703,0.5792386531829834,0.7220261891682943,b,b,0.1427875359853109
1704,0.6451695362726847,0.5396211743354797,a,a,0.10554836193720496
1705,0.5130818088849386,0.6583066383997599,b,b,0.1452248295148213
1706,0.8084466457366943,0.6486605405807495,a,a,0.15978610515594482
1707,0.8164768218994141,0.559410015741984,a,a,0.25706680615743005
1708,0.5900131861368815,0.7480389674504598,b,b,0.15802578131357836
1709,0.761362632115682,0.626870314280192,a,a,0.13449231783548998
1710,0.5067791144053141,0.6666964689890543,b,b,0.15991735458374023
1711,0.8293061256408691,0.7745148340861002,a,a,0.05479129155476892
1712,0.7171651522318522,0.6519155502319336,a,a,0.06524960199991858
1713,0.5881219903628031,0.6979595820109049,b,b,0.1098375916481018
1714,0.8660622437795004,0.6449036399523417,a,a,0.22115860382715868
1715,0.7630469004313151,0.5491463740666708,a,a,0.2139005263646443
1716,0.5128794113794962,0.7927003304163615,b,b,0.27982091903686523
1717,0.9040553569793701,0.5680281519889832,a,a,0.33602720499038696
1718,0.7992602189381918,0.5594078699747721,a,a,0.23985234896341967
1719,0.6464574138323466,0.7620296478271484,b,b,0.11557223399480188
1720,0.8627137343088785,0.7602182229359945,a,a,0.10249551137288404
1721,0.8397612969080607,0.7256620327631632,a,a,0.11409926414489746
1722,0.714775562286377,0.5600694417953491,a,a,0.15470612049102783
1723,0.7162760893503824,0.5560205578804016,a,a,0.16025553146998084
1724,0.5735650459925333,0.7583614190419515,b,b,0.1847963730494182
1725,0.7012719313303629,0.5457790891329447,a,a,0.1554928421974182
1726,0.5529205203056335,0.6477861801783243,b,b,0.0948656598726908
1727,0.7938023805618286,0.8595517873764038,b,b,0.0657494068145752
1728,0.6592282652854919,0.5046796798706055,a,a,0.15454858541488647
1729,0.43370121717453003,0.7343622048695883,b,b,0.3006609876950582
1730,0.5911764701207479,0.7368232011795044,b,b,0.14564673105875647
1731,0.551220715045929,0.6017613013585409,b,b,0.050540586312611935
1732,0.5905140240987142,0.6911707719167074,b,b,0.10065674781799316
1733,0.43286676208178204,0.6971763769785563,b,b,0.26430961489677424
1734,0.5950721700986227,0.8376293977101644,b,b,0.24255722761154175
1735,0.622240682442983,0.6999813715616862,b,b,0.07774068911870313
1736,0.734489917755127,0.46282994747161865,a,a,0.2716599702835083
1737,0.6115099191665649,0.8851623932520548,b,b,0.27365247408548987
1738,0.6605084935824076,0.8095556497573853,b,b,0.14904715617497766
1739,0.5182797511418661,0.8522588411966959,b,b,0.33397909005482984
1740,0.5316325028737386,0.8048620223999023,b,b,0.2732295195261637
1741,0.8146951993306478,0.6715971231460571,a,a,0.1430980761845907
1742,0.8020381132761637,0.6443138519922892,a,a,0.1577242612838745
1743,0.7517069975535074,0.6756772994995117,a,a,0.07602969805399573
1744,0.7327414353688558,0.5719627737998962,a,a,0.1607786615689596
1745,0.7027803262074789,0.5041277805964152,a,a,0.1986525456110637
1746,0.7705197334289551,0.5687868595123291,a,a,0.20173287391662598
1747,0.6800729831059774,0.5209672053654989,a,a,0.15910577774047852
1748,0.7330934604008993,0.6242291529973348,a,a,0.10886430740356445
1749,0.5767540335655212,0.8948272864023844,b,b,0.31807325283686316
1750,0.7162445386250814,0.6589508056640625,a,a,0.05729373296101892
1751,0.6137471795082092,0.5129304130872091,a,a,0.10081676642100013
1752,0.710502545038859,0.5717709263165792,a,a,0.1387316187222798
1753,0.6052873134613037,0.7408891916275024,b,b,0.13560187816619873
1754,0.7802623907725016,0.5452073415120443,a,a,0.23505504926045728
1755,0.5159670114517212,0.7937386830647787,b,b,0.2777716716130575
1756,0.6009099086125692,0.7132197221120199,b,b,0.11230981349945068
1757,0.5598523616790771,0.6722935835520426,b,b,0.11244122187296546
1758,0.6064472794532776,0.7041065692901611,b,b,0.09765928983688354
1759,0.5924956798553467,0.5531335671742758,a,a,0.03936211268107093
1760,0.5665988524754842,0.6809622049331665,b,b,0.11436335245768225
1761,0.6584520936012268,0.6014113426208496,a,a,0.0570407509803772
1762,0.5943496227264404,0.7293729384740194,b,b,0.13502331574757898
1763,0.5950393279393514,0.6868455012639364,b,b,0.09180617332458496
1764,0.6440089742342631,0.8048149347305298,b,b,0.16080596049626672
1765,0.7663232088088989,0.5181822379430135,a,a,0.24814097086588538
1766,0.6557742754618326,0.5940020084381104,a,a,0.061772267023722294
1767,0.5238943497339884,0.6878507534662882,b,b,0.1639564037322998
1768,0.8838942845662435,0.6150824626286825,a,a,0.26881182193756104
1769,0.8173481623331705,0.643019437789917,a,a,0.17432872454325354
1770,0.7697141965230306,0.586734930674235,a,a,0.18297926584879565
1771,0.7315917809804281,0.6131424705187479,a,a,0.11844931046168017
1772,0.7492648561795553,0.1151403139034907,a,a,0.6341245422760646
1773,0.4879975418249766,0.6103842258453369,b,b,0.12238668402036029
1774,0.5813445448875427,0.7027040322621664,b,b,0.12135948737462365
1775,0.7909001111984253,0.5869267781575521,a,a,0.20397333304087317
1776,0.7599171002705892,0.6907952229181925,a,a,0.06912187735239672
1777,0.7847059567769369,0.6415785749753317,a,a,0.14312738180160522
1778,0.6927464008331299,0.6977426211039225,b,a,0.004996220270792606
1779,0.7368576129277548,0.6722562710444132,a,a,0.06460134188334155
1780,0.7024041016896566,0.5406293074289957,a,a,0.16177479426066088
1781,0.6708637078603109,0.6516188581784567,a,a,0.019244849681854248
1782,0.5213215152422587,0.7802140712738037,b,b,0.25889255603154504
1783,0.6678113142649332,0.6173827648162842,a,a,0.05042854944864905
1784,0.7606662511825562,0.6165629625320435,a,a,0.1441032886505127
1785,0.8640176057815552,0.6318512558937073,a,a,0.2321663498878479
1786,0.693138837814331,0.5824403564135233,a,a,0.11069848140080774
1787,0.6115472912788391,0.7622319857279459,b,b,0.15068469444910682
1788,0.43921710054079693,0.5093278884887695,b,a,0.0701107879479726
1789,0.6153538425763448,0.6583789587020874,b,b,0.04302511612574256
1790,0.47324228286743164,0.7242995500564575,b,b,0.2510572671890259
1791,0.6763616402943929,0.512165904045105,a,a,0.16419573624928796
1792,0.7283629576365153,0.5050191283226013,a,a,0.22334382931391394
1793,0.5238657196362814,0.6686745484670004,b,b,0.144808828830719
1794,0.6771572430928549,0.5237323045730591,a,a,0.15342493851979577
1795,0.5632950862248739,0.7086199124654134,b,b,0.14532482624053955
1796,0.5112815101941427,0.8309174378712972,b,b,0.31963592767715454
1797,0.7775425910949707,0.6048193375269572,a,a,0.17272325356801355
1798,0.7793259223302206,0.48560162385304767,a,a,0.2937242984771729
1799,0.6323463916778564,0.5488482316335043,a,a,0.08349816004435218
1800,0.7320372263590494,0.9143667221069336,b,b,0.18232949574788415
1801,0.6006159782409668,0.8745768070220947,b,b,0.27396082878112793
1802,0.7383138338724772,0.5783526102701823,a,a,0.15996122360229492
1803,0.7119247913360596,0.8198544184366862,b,b,0.10792962710062659
1804,0.6651514768600464,0.5522408882776896,a,a,0.11291058858235681
1805,0.6998679637908936,0.6156364480654398,a,a,0.08423151572545373
1806,0.5955941478411356,0.7719022432963053,b,b,0.17630809545516968
1807,0.57655930519104,0.7481181621551514,b,b,0.17155885696411133
1808,0.6086270014444987,0.7644898891448975,b,b,0.1558628877003988
1809,0.611160159111023,0.6457761526107788,b,b,0.03461599349975586
1810,0.5858272314071655,0.7862845659255981,b,b,0.20045733451843262
1811,0.5481670101483663,0.6231483221054077,b,b,0.07498131195704139
1812,0.7278628349304199,0.630844791730245,a,a,0.09701804320017493
1813,0.61375359694163,0.8091164032618204,b,b,0.19536280632019043
1814,0.620774527390798,0.8252825339635214,b,b,0.2045080065727234
1815,0.49818524718284607,0.7136415640513102,b,b,0.21545631686846412
1816,0.5799207290013632,0.6945138772328695,b,b,0.11459314823150635
1817,0.5145436724026998,0.8077380657196045,b,b,0.29319439331690467
1818,0.75046706199646,0.4535083572069804,a,a,0.29695870478947956
1819,0.5589609940846761,0.8564790487289429,b,b,0.2975180546442667
1820,0.6248504718144735,0.6841580073038737,b,b,0.059307535489400154
1821,0.6746502717336019,0.5710853338241577,a,a,0.10356493790944421
1822,0.49123553435007733,0.7360285123189291,b,b,0.24479297796885174
1823,0.5821016629536947,0.7105734348297119,b,b,0.12847177187601722
1824,0.7033295631408691,0.6215832432111105,a,a,0.08174631992975867
1825,0.6811547676722208,0.4809192319711049,a,a,0.2002355357011159
1826,0.7033782800038656,0.6986945470174154,a,a,0.004683732986450195
1827,0.7364866733551025,0.929342786471049,b,b,0.19285611311594641
1828,0.6750435829162598,0.6371466318766276,a,a,0.0378969510396322
1829,0.697212298711141,0.5672937234242758,a,a,0.12991857528686523
1830,0.8808422088623047,0.63648388783137,a,a,0.2443583210309347
1831,0.5461718241373698,0.6859864393870035,b,b,0.1398146152496338
1832,0.6462229490280151,0.7549554109573364,b,b,0.10873246192932129
1833,0.6576319138209025,0.5104190111160278,a,a,0.14721290270487464
1834,0.5589307943979899,0.722992738087972,b,b,0.16406194368998217
1835,0.693175474802653,0.805067777633667,b,b,0.11189230283101403
1836,0.7493325471878052,0.611460288365682,a,a,0.13787225882212317
1837,0.7772939602533976,0.7298995653788248,a,a,0.047394394874572754
1838,0.8141707976659139,0.6633939941724142,a,a,0.15077680349349976
1839,0.4905613462130229,0.7138304710388184,b,b,0.22326912482579547
1840,0.5629340410232544,0.6595892906188965,b,b,0.09665524959564209
1841,0.5848655899365743,0.7183546225229899,b,b,0.13348903258641553
1842,0.6307963132858276,0.7154075304667155,b,b,0.08461121718088782
1843,0.6144711375236511,0.7453869183858236,b,b,0.13091578086217248
1844,0.5246600310007731,0.6478147109349569,b,b,0.12315467993418383
1845,0.6272267897923788,0.6720461448033651,b,b,0.04481935501098633
1846,0.6265748739242554,0.7552445729573568,b,b,0.12866969903310144
1847,0.6946896314620972,0.49560729662577313,a,a,0.19908233483632404
1848,0.6440948645273844,0.6719001531600952,b,b,0.027805288632710812
1849,0.8599205414454142,0.6576347947120667,a,a,0.20228574673334754
1850,0.7724649906158447,0.5572754740715027,a,a,0.21518951654434204
1851,0.6861729621887207,0.8000150918960571,b,b,0.11384212970733643
1852,0.3641797328988711,0.623153567314148,b,b,0.2589738344152768
1853,0.6577987670898438,0.511768619219462,a,a,0.1460301478703817
1854,0.6579083800315857,0.5741269588470459,a,a,0.0837814211845398
1855,0.6302792628606161,0.6757322947184244,b,b,0.04545303185780836
1856,0.6790254910786947,0.5227659145991007,a,a,0.156259576479594
1857,0.6294194459915161,0.6734210650126139,b,b,0.04400161902109778
1858,0.6101671457290649,0.8489629427591959,b,b,0.23879579703013099
1859,0.6716386477152506,0.5052662889162699,a,a,0.1663723587989807
1860,0.5412894487380981,0.7636695702870687,b,b,0.22238012154897058
1861,0.5458863377571106,0.7375435829162598,b,b,0.19165724515914917
1862,0.5601635376612345,0.7532549699147543,b,b,0.19309143225351977
1863,0.4420316418011983,0.6457720200220743,b,b,0.20374037822087604
1864,0.7530140082041422,0.6351540088653564,a,a,0.11785999933878577
1865,0.6729346116383871,0.6929848194122314,b,b,0.020050207773844364
1866,0.6748077472050985,0.7692925532658895,b,b,0.09448480606079102
1867,0.6621470252672831,0.6002407073974609,a,a,0.06190631786982215
1868,0.5773789087931315,0.9387088616689047,b,b,0.3613299528757732
1869,0.7076356410980225,0.6162941455841064,a,a,0.09134149551391602
1870,0.5993739366531372,0.8472683429718018,b,b,0.24789440631866455
1871,0.6524303158124288,0.8629180590311686,b,b,0.21048774321873975
1872,0.6843040784200033,0.5950419505437216,a,a,0.08926212787628174
1873,0.6901306708653768,0.7475157976150513,b,b,0.05738512674967444
1874,0.6616602540016174,0.8174211184183756,b,b,0.15576086441675818
1875,0.6290032068888346,0.77345343430837,b,b,0.1444502274195354
1876,0.7804498672485352,0.6499987443288168,a,a,0.1304511229197184
1877,0.7184756994247437,0.5444259246190389,a,a,0.17404977480570472
1878,0.7677448590596517,0.937960147857666,b,b,0.17021528879801429
1879,0.5967480738957723,0.7830851475397745,b,b,0.1863370736440022
1880,0.8426699241002401,0.6681472857793173,a,a,0.17452263832092285
1881,0.6894540389378866,0.6371341347694397,a,a,0.052319904168446896
1882,0.5679501096407572,0.7821269035339355,b,b,0.21417679389317834
1883,0.5499853690465292,0.6384399731953939,b,b,0.08845460414886475
1884,0.6601894100507101,0.7712669769922892,b,b,0.11107756694157911
1885,0.8351230223973592,0.7250365813573202,a,a,0.11008644104003906
1886,0.8465184768040975,0.591960072517395,a,a,0.2545584042867025
1887,0.6324947277704874,0.7404845952987671,b,b,0.10798986752827966
1888,0.7314149141311646,0.5506887435913086,a,a,0.18072617053985596
1889,0.689613421758016,0.46640034516652423,a,a,0.22321307659149175
1890,0.45334863662719727,0.6982088088989258,b,b,0.24486017227172852
1891,0.5633021394411722,0.6379182736078898,b,b,0.07461613416671753
1892,0.5701719721158346,0.6065644224484762,b,b,0.0363924503326416
1893,0.5182211796442667,0.7928845087687174,b,b,0.2746633291244507
1894,0.5453785459200541,0.6930894056955973,b,b,0.1477108597755432
1895,0.8291390736897787,0.6665486494700114,a,a,0.16259042421976733
1896,0.6373299558957418,0.7634052832921346,b,b,0.12607532739639282
